date,latitude,longitude,year,rainfall_mm,RE_mm,SM_prev,soil_deficit,dem_m,slope_deg,TWI,HAND_m,ks_mmh,psi_cm,theta_s,label
2018-06-11,39.988918,116.393085,2018,0.095421661846612,0.0,0.2989,0.1624,48.0,1.8716,11.1161,1.0,101.1767,-9.7143,0.4491,0
2018-06-11,39.984489,116.300067,2018,0.095421661846612,0.0,0.2989,0.1624,52.0,3.3084,11.932,3.0,123.794,-7.837,0.4648,0
2018-06-11,39.90071,116.328174,2018,0.095421661846612,0.0,0.2989,0.1624,50.0,1.8416,12.1131,1.0,0.01,-10.0,0.1,0
2018-07-15,40.233214,116.358662,2018,0.0,0.0,0.2989,0.1624,69.0,0.7577,11.6152,15.0,37.0248,-18.9614,0.4679,0
2018-07-15,40.232568,116.228636,2018,0.0,0.0,0.2989,0.1624,90.0,6.6853,9.4334,16.0,22.833,-21.265,0.4503,0
2018-07-15,39.954526,116.547189,2018,0.0,0.0,0.2755,0.1891,31.0,2.6641,10.3572,2.0,125.312,-7.795,0.4646,1
2018-07-16,40.233214,116.358662,2018,50.84594362101602,44.074,0.2989,0.1624,69.0,0.7577,11.6152,15.0,37.0248,-18.9614,0.4679,0
2018-07-16,40.232568,116.228636,2018,26.959540274754573,23.27,0.2989,0.1624,90.0,6.6853,9.4334,16.0,22.833,-21.265,0.4503,0
2018-07-16,39.988918,116.393085,2018,90.9855602056372,68.495,0.3786,0.0705,48.0,1.8716,11.1161,1.0,101.1767,-9.7143,0.4491,1
2018-07-16,39.906121,116.618658,2018,56.77384932508603,5.747,0.3125,0.1521,26.0,1.9036,12.3031,0.0,125.312,-7.795,0.4646,1
2018-07-16,39.88677,116.32057,2018,73.93158891327934,20.84,0.3279,0.1378,50.0,2.2156,11.2349,2.0,126.984,-7.82,0.4657,1
2018-07-16,39.84432,116.24102,2018,90.99062028232072,85.79,0.3018,0.1648,58.0,0.3809,12.3031,3.0,30.4372,-25.5898,0.4666,1
2018-07-17,40.233214,116.358662,2018,24.518893669312643,17.747,0.2989,0.1624,69.0,0.7577,11.6152,15.0,37.0248,-18.9614,0.4679,0
2018-07-17,40.232568,116.228636,2018,13.086228854855788,9.397,0.2989,0.1624,90.0,6.6853,9.4334,16.0,22.833,-21.265,0.4503,0
2018-07-17,39.90671,116.436755,2018,55.372367014965405,53.373,0.4174,0.0,47.0,11.6665,9.2726,3.0,0.01,-10.0,0.1,1
2018-07-17,39.831067,116.345443,2018,64.30925727743582,60.338,0.3547,0.1133,41.0,2.284,11.8977,0.0,29.81,-26.342,0.468,1
2018-07-30,39.774398,116.166069,2018,0.0,0.0,0.2989,0.1624,44.0,3.0558,12.7047,0.0,128.874,-7.837,0.4648,0
2018-07-30,39.704511,116.129163,2018,0.0,0.0,0.2989,0.1624,42.0,2.1281,10.5821,1.0,34.017,-16.4538,0.4594,0
2018-07-30,39.982802,116.522222,2018,0.0,0.0,0.2989,0.1624,35.0,1.4707,10.9519,4.0,109.54,-8.044,0.4475,0
2018-07-30,39.988653,116.509659,2018,0.0,0.0,0.2989,0.1624,34.0,1.2948,12.9511,0.0,109.54,-8.044,0.4475,0
2018-07-30,39.902297,116.515546,2018,0.0,0.0,0.2989,0.1624,37.0,2.1054,10.5929,5.0,103.615,-11.1559,0.4651,0
2018-07-30,39.937133,116.530692,2018,0.0,0.0,0.2989,0.1624,34.0,1.1967,11.1581,2.0,125.312,-7.795,0.4646,0
2018-08-01,39.832381,116.41188,2018,0.0,0.0,0.2989,0.1624,36.0,2.5732,19.459,0.0,84.1054,-15.9898,0.4661,0
2018-08-01,39.841887,116.478903,2018,0.0,0.0,0.2989,0.1624,35.0,2.2156,11.9281,1.0,126.766,-7.856,0.4646,0
2018-08-01,39.873535,116.46704,2018,0.0,0.0,0.2989,0.1624,40.0,4.8713,10.1575,1.0,32.325,-22.199,0.4667,0
2018-08-01,39.80316,116.474347,2018,0.0,0.0,0.2989,0.1624,34.0,2.9547,10.659,0.0,115.15,-9.7312,0.4649,0
2018-08-01,39.830104,116.467673,2018,0.0,0.0,0.2989,0.1624,36.0,0.9361,12.5024,1.0,126.766,-7.856,0.4646,0
2018-08-01,39.846761,116.486295,2018,0.0,0.0,0.2989,0.1624,37.0,4.4401,9.8451,4.0,117.3219,-9.2903,0.4648,0
2018-08-05,40.233214,116.358662,2018,2.588572140058646,0.433,0.2989,0.1624,69.0,0.7577,11.6152,15.0,37.0248,-18.9614,0.4679,0
2018-08-05,40.232568,116.228636,2018,1.3169038344623465,0.0,0.2989,0.1624,90.0,6.6853,9.4334,16.0,22.833,-21.265,0.4503,0
2018-08-05,39.954526,116.547189,2018,0.5680481170133935,0.0,0.2501,0.2145,31.0,2.6641,10.3572,2.0,125.312,-7.795,0.4646,1
2018-08-06,39.929403,116.168682,2018,1.8364299123011767,0.0,0.2989,0.1624,110.0,17.8898,9.3366,32.0,126.984,-7.82,0.4657,0
2018-08-06,40.233214,116.358662,2018,10.298592476412184,6.104,0.2989,0.1624,69.0,0.7577,11.6152,15.0,37.0248,-18.9614,0.4679,0
2018-08-06,40.232568,116.228636,2018,8.412064401959999,5.366,0.2989,0.1624,90.0,6.6853,9.4334,16.0,22.833,-21.265,0.4503,0
2018-08-06,39.902702,116.571962,2018,18.59943723504984,1.742,0.2684,0.1962,30.0,0.7577,13.9178,2.0,125.312,-7.795,0.4646,1
2018-08-07,40.417545,115.940914,2018,0.0,0.0,0.2989,0.1624,497.0,2.284,10.5114,4.0,42.2286,-17.8422,0.4682,0
2018-08-07,40.428162,115.973277,2018,0.0,0.0,0.2989,0.1624,500.0,2.611,10.3774,3.0,58.7146,-14.1579,0.4816,0
2018-08-07,40.468379,115.962826,2018,0.0,0.0,0.2989,0.1624,486.0,1.4707,14.7696,2.0,45.1076,-20.1434,0.4735,0
2018-08-08,40.233214,116.358662,2018,39.14065874648092,32.369,0.2989,0.1624,69.0,0.7577,11.6152,15.0,37.0248,-18.9614,0.4679,0
2018-08-08,40.232568,116.228636,2018,34.13379839093259,30.444,0.2989,0.1624,90.0,6.6853,9.4334,16.0,22.833,-21.265,0.4503,0
2018-08-08,39.906121,116.618658,2018,88.1243373309946,10.222,0.2568,0.2078,26.0,1.9036,12.3031,0.0,125.312,-7.795,0.4646,1
2018-08-08,39.902702,116.571962,2018,89.32248550674232,15.757,0.2684,0.1962,30.0,0.7577,13.9178,2.0,125.312,-7.795,0.4646,1
2018-08-08,39.830656,116.313016,2018,19.98362376305869,15.981,0.3672,0.0925,46.0,2.3924,10.8704,0.0,33.573,-21.829,0.4597,1
2018-08-08,39.867612,116.271426,2018,7.069853444903876,1.879,0.3189,0.1477,51.0,1.2948,13.0252,0.0,88.1144,-15.2288,0.4666,1
2018-08-08,39.831067,116.345443,2018,19.98362376305869,15.701,0.34,0.128,41.0,2.284,11.8977,0.0,29.81,-26.342,0.468,1
2018-08-08,39.832871,116.288638,2018,7.069853444903876,3.854,0.3832,0.0765,54.0,3.9311,10.3728,6.0,33.573,-21.829,0.4597,1
2018-08-08,39.84392,116.25283,2018,7.069853444903876,3.959,0.288,0.1781,56.0,1.1062,11.2368,3.0,30.688,-25.289,0.4661,1
2018-08-08,39.83803,116.25133,2018,7.069853444903876,3.863,0.2588,0.2015,55.0,1.6488,10.8375,5.0,33.3221,-22.1299,0.4603,1
2018-08-08,39.898579,116.653324,2018,87.97477169024378,11.829,0.2615,0.2031,27.0,1.6633,11.9274,2.0,125.312,-7.795,0.4646,1
2018-08-08,39.891351,116.678817,2018,87.97477169024378,39.187,0.2794,0.1684,22.0,4.4043,10.2587,1.0,109.8204,-8.0396,0.4478,1
2018-08-08,40.090761,116.660893,2018,87.44195676011512,8.809,0.2491,0.2157,38.0,4.4401,9.8451,2.0,125.566,-7.837,0.4648,1
2018-08-08,40.069132,116.384865,2018,28.94625498542204,21.116,0.2743,0.196,37.0,2.284,18.9133,0.0,36.91,-20.643,0.4703,1
2018-08-09,39.88677,116.32057,2018,0.0,0.0,0.2989,0.1624,50.0,2.2156,11.2349,2.0,126.984,-7.82,0.4657,0
2018-08-09,39.831067,116.345443,2018,0.0,0.0,0.2989,0.1624,41.0,2.284,11.8977,0.0,29.81,-26.342,0.468,0
2018-08-09,39.830656,116.313016,2018,0.0,0.0,0.2989,0.1624,46.0,2.3924,10.8704,0.0,33.573,-21.829,0.4597,0
2018-08-09,39.8857,116.300439,2018,0.0,0.0,0.2989,0.1624,51.0,2.2115,11.2368,0.0,126.984,-7.82,0.4657,0
2018-08-09,39.814733,116.345035,2018,0.0,0.0,0.2989,0.1624,44.0,7.7233,10.6738,1.0,29.81,-26.342,0.468,0
2018-08-09,39.809898,116.303086,2018,0.0,0.0,0.2989,0.1624,47.0,1.9036,11.61,1.0,45.579,-15.556,0.472,0
2018-08-09,39.808469,116.301864,2018,0.0,0.0,0.2989,0.1624,48.0,1.1967,11.5636,3.0,45.579,-15.556,0.472,0
2018-08-10,40.104259,116.154837,2018,0.0,0.0,0.2989,0.1624,45.0,2.4612,12.3084,0.0,39.8906,-19.8321,0.4738,0
2018-08-10,40.232568,116.228636,2018,0.0,0.0,0.2989,0.1624,90.0,6.6853,9.4334,16.0,22.833,-21.265,0.4503,0
2018-08-10,40.237712,116.214265,2018,0.0,0.0,0.2989,0.1624,89.0,3.3653,11.5095,3.0,104.3079,-10.4178,0.462,0
2018-08-10,40.121235,116.262307,2018,0.0,0.0,0.2989,0.1624,41.0,2.7772,11.0088,2.0,140.068,-7.005,0.4543,0
2018-08-11,40.233214,116.358662,2018,24.848893375809045,18.077,0.2989,0.1624,69.0,0.7577,11.6152,15.0,37.0248,-18.9614,0.4679,0
2018-08-11,40.232568,116.228636,2018,21.140863100512743,17.451,0.2989,0.1624,90.0,6.6853,9.4334,16.0,22.833,-21.265,0.4503,0
2018-08-11,40.34096,116.57259,2018,40.81757097487525,31.127,0.2341,0.2362,78.0,4.805,10.1713,13.0,38.272,-18.663,0.4703,1
2018-08-11,40.32732,116.63634,2018,45.67015123026956,38.54,0.3855,0.0801,47.0,0.3809,18.9852,0.0,52.3744,-16.5423,0.4656,1
2018-08-11,40.340813,116.750316,2018,38.62975050506152,14.568,0.2233,0.2365,54.0,1.5231,11.3223,2.0,84.3213,-13.6101,0.4598,1
2018-08-11,40.34671,116.64293,2018,45.67015123026956,37.075,0.2655,0.2048,53.0,2.0361,10.6264,6.0,38.272,-18.663,0.4703,1
2018-08-12,40.233214,116.358662,2018,2.446558943402832,0.328,0.2989,0.1624,69.0,0.7577,11.6152,15.0,37.0248,-18.9614,0.4679,0
2018-08-12,40.232568,116.228636,2018,2.1751759260620447,0.147,0.2989,0.1624,90.0,6.6853,9.4334,16.0,22.833,-21.265,0.4503,0
2018-08-12,39.89635,116.29049,2018,2.592815625717267,0.055,0.4964,0.0,56.0,2.4612,10.4366,1.0,126.984,-7.82,0.4657,1
2018-08-31,40.379651,115.881031,2018,0.2428254323462625,0.0,0.2989,0.1624,504.0,2.611,10.3774,7.0,41.6159,-16.8446,0.4646,0
2018-09-01,39.863404,116.567311,2018,0.0,0.0,0.2989,0.1624,28.0,6.1805,9.5125,2.0,32.307,-20.326,0.4861,0
2018-09-01,39.823868,116.506227,2018,0.0,0.0,0.2989,0.1624,35.0,2.3148,10.4979,4.0,126.766,-7.856,0.4646,0
2018-09-05,39.863815,116.452871,2018,0.0,0.0,0.2989,0.1624,40.0,2.842,10.2925,4.0,111.0258,-10.2465,0.465,0
2018-09-06,39.903502,116.317032,2018,0.0,0.0,0.2989,0.1624,53.0,0.9264,11.4142,4.0,0.01,-10.0,0.1,0
2018-09-06,39.982802,116.522222,2018,0.0,0.0,0.2989,0.1624,35.0,1.4707,10.9519,4.0,109.54,-8.044,0.4475,0
2018-09-06,39.988653,116.509659,2018,0.0,0.0,0.2989,0.1624,34.0,1.2948,12.9511,0.0,109.54,-8.044,0.4475,0
2018-09-06,39.902297,116.515546,2018,0.0,0.0,0.2989,0.1624,37.0,2.1054,10.5929,5.0,103.615,-11.1559,0.4651,0
2018-09-06,39.937133,116.530692,2018,0.0,0.0,0.2989,0.1624,34.0,1.1967,11.1581,2.0,125.312,-7.795,0.4646,0
2018-09-06,40.033469,116.231435,2018,0.0,0.0,0.2989,0.1624,95.0,13.159,8.7429,37.0,37.8012,-17.5136,0.4748,0
2018-09-07,40.400093,116.877933,2018,0.0,0.0,0.2989,0.1624,97.0,1.5152,10.9221,7.0,35.74,-18.023,0.4825,0
2018-09-07,39.929403,116.168682,2018,0.0,0.0,0.2989,0.1624,110.0,17.8898,9.3366,32.0,126.984,-7.82,0.4657,0
2018-09-07,40.410503,116.839521,2018,0.0,0.0,0.2989,0.1624,76.0,0.0,14.5567,2.0,87.247,-12.2809,0.4654,0
2018-09-08,39.88677,116.32057,2018,0.0,0.0,0.2989,0.1624,50.0,2.2156,11.2349,2.0,126.984,-7.82,0.4657,0
2018-09-08,39.831067,116.345443,2018,0.0,0.0,0.2989,0.1624,41.0,2.284,11.8977,0.0,29.81,-26.342,0.468,0
2018-09-08,39.830656,116.313016,2018,0.0,0.0,0.2989,0.1624,46.0,2.3924,10.8704,0.0,33.573,-21.829,0.4597,0
2018-09-08,40.340813,116.750316,2018,0.0,0.0,0.2989,0.1624,54.0,1.5231,11.3223,2.0,84.3213,-13.6101,0.4598,0
2018-09-08,39.774398,116.166069,2018,0.3978944862803774,0.0,0.2989,0.1624,44.0,3.0558,12.7047,0.0,128.874,-7.837,0.4648,0
2018-09-08,40.417545,115.940914,2018,0.0,0.0,0.2989,0.1624,497.0,2.284,10.5114,4.0,42.2286,-17.8422,0.4682,0
2018-09-08,39.8857,116.300439,2018,0.0,0.0,0.2989,0.1624,51.0,2.2115,11.2368,0.0,126.984,-7.82,0.4657,0
2018-09-08,39.704511,116.129163,2018,0.3978944862803774,0.0,0.2989,0.1624,42.0,2.1281,10.5821,1.0,34.017,-16.4538,0.4594,0
2018-09-08,39.814733,116.345035,2018,0.0,0.0,0.2989,0.1624,44.0,7.7233,10.6738,1.0,29.81,-26.342,0.468,0
2018-09-08,40.428162,115.973277,2018,0.0,0.0,0.2989,0.1624,500.0,2.611,10.3774,3.0,58.7146,-14.1579,0.4816,0
2018-09-08,39.809898,116.303086,2018,0.0,0.0,0.2989,0.1624,47.0,1.9036,11.61,1.0,45.579,-15.556,0.472,0
2018-09-08,40.468379,115.962826,2018,0.0,0.0,0.2989,0.1624,486.0,1.4707,14.7696,2.0,45.1076,-20.1434,0.4735,0
2018-09-08,39.808469,116.301864,2018,0.0,0.0,0.2989,0.1624,48.0,1.1967,11.5636,3.0,45.579,-15.556,0.472,0
2018-09-09,39.832381,116.41188,2018,0.0,0.0,0.2989,0.1624,36.0,2.5732,19.459,0.0,84.1054,-15.9898,0.4661,0
2018-09-09,40.104259,116.154837,2018,0.0,0.0,0.2989,0.1624,45.0,2.4612,12.3084,0.0,39.8906,-19.8321,0.4738,0
2018-09-09,39.841887,116.478903,2018,0.0,0.0,0.2989,0.1624,35.0,2.2156,11.9281,1.0,126.766,-7.856,0.4646,0
2018-09-09,39.873535,116.46704,2018,0.0,0.0,0.2989,0.1624,40.0,4.8713,10.1575,1.0,32.325,-22.199,0.4667,0
2018-09-09,39.80316,116.474347,2018,0.0,0.0,0.2989,0.1624,34.0,2.9547,10.659,0.0,115.15,-9.7312,0.4649,0
2018-09-09,39.830104,116.467673,2018,0.0,0.0,0.2989,0.1624,36.0,0.9361,12.5024,1.0,126.766,-7.856,0.4646,0
2018-09-09,39.846761,116.486295,2018,0.0,0.0,0.2989,0.1624,37.0,4.4401,9.8451,4.0,117.3219,-9.2903,0.4648,0
2018-09-09,40.232568,116.228636,2018,0.0,0.0,0.2989,0.1624,90.0,6.6853,9.4334,16.0,22.833,-21.265,0.4503,0
2018-09-09,40.237712,116.214265,2018,0.0,0.0,0.2989,0.1624,89.0,3.3653,11.5095,3.0,104.3079,-10.4178,0.462,0
2018-09-09,40.121235,116.262307,2018,0.0,0.0,0.2989,0.1624,41.0,2.7772,11.0088,2.0,140.068,-7.005,0.4543,0
2019-06-06,40.233214,116.358662,2019,11.397544520133396,6.912,0.2989,0.1624,69.0,0.7577,11.6152,15.0,37.0248,-18.9614,0.4679,0
2019-06-06,40.232568,116.228636,2019,11.13441050925765,7.645,0.2989,0.1624,90.0,6.6853,9.4334,16.0,22.833,-21.265,0.4503,0
2019-06-06,40.069132,116.384865,2019,13.98908759986842,8.828,0.1736,0.2967,37.0,2.284,18.9133,0.0,36.91,-20.643,0.4703,1
2019-06-06,40.107676,116.562609,2019,15.019498609768114,5.313,0.1413,0.3217,35.0,4.1189,11.0191,0.0,82.8652,-15.6816,0.463,1
2019-06-13,39.979006,116.755724,2019,0.0,0.0,0.2989,0.1624,25.0,3.9311,9.9673,3.0,137.867,-6.652,0.4453,0
2019-06-13,39.916119,116.724731,2019,0.0,0.0,0.2989,0.1624,28.0,2.2115,10.5436,7.99,137.867,-6.652,0.4453,0
2019-06-14,40.108571,116.638516,2019,0.0,0.0,0.2989,0.1624,37.0,3.3084,11.2389,0.0,125.566,-7.837,0.4648,0
2019-06-14,40.026582,116.103672,2019,0.0,0.0,0.2989,0.1624,181.0,13.2788,9.8321,49.0,33.8111,-16.1908,0.4608,0
2019-06-14,40.001512,116.100856,2019,0.0,0.0,0.2989,0.1624,137.0,3.7224,10.022,7.0,36.477,-16.417,0.4673,0
2019-06-23,40.094656,116.551254,2019,0.0,0.0,0.2989,0.1624,34.0,1.2948,15.8626,2.0,124.336,-7.837,0.4648,0
2019-06-23,39.909603,116.61486,2019,0.0,0.0,0.2989,0.1624,29.0,1.5152,10.9221,3.0,125.312,-7.795,0.4646,0
2019-06-24,39.906121,116.618658,2019,0.0,0.0,0.2989,0.1624,26.0,1.9036,12.3031,0.0,125.312,-7.795,0.4646,0
2019-06-25,40.090761,116.660893,2019,0.0,0.0,0.2989,0.1624,38.0,4.4401,9.8451,2.0,125.566,-7.837,0.4648,0
2019-06-25,40.033007,116.683391,2019,0.0,0.0,0.2989,0.1624,27.0,1.4707,10.9519,2.0,113.8136,-7.9888,0.4521,0
2019-06-25,40.254534,116.53804,2019,0.0,0.0,0.2989,0.1624,55.0,1.4707,12.2047,0.0,125.294,-7.837,0.4648,0
2019-06-26,39.988918,116.393085,2019,0.0,0.0,0.2989,0.1624,48.0,1.8716,11.1161,1.0,101.1767,-9.7143,0.4491,0
2019-06-26,40.028878,116.468059,2019,0.0,0.0,0.2989,0.1624,39.0,1.1062,12.7409,1.0,123.66,-7.837,0.4648,0
2019-06-26,39.984489,116.300067,2019,0.0,0.0,0.2989,0.1624,52.0,3.3084,11.932,3.0,123.794,-7.837,0.4648,0
2019-06-26,39.90071,116.328174,2019,0.0,0.0,0.2989,0.1624,50.0,1.8416,12.1131,1.0,0.01,-10.0,0.1,0
2019-06-28,40.069132,116.384865,2019,1.0623014171490646,0.0,0.2989,0.1624,37.0,2.284,18.9133,0.0,36.91,-20.643,0.4703,0
2019-06-28,40.233214,116.358662,2019,2.3268675589051493,0.24,0.2989,0.1624,69.0,0.7577,11.6152,15.0,37.0248,-18.9614,0.4679,0
2019-06-28,40.295281,116.664272,2019,0.8135760279098286,0.0,0.2989,0.1624,38.0,0.9361,16.5828,0.0,108.009,-8.176,0.4475,0
2019-06-28,40.295281,116.648351,2019,0.8135760279098286,0.0,0.2989,0.1624,43.0,0.9361,11.4038,3.0,108.009,-8.176,0.4475,0
2019-06-28,40.079204,116.333495,2019,1.0623014171490646,0.0,0.2989,0.1624,43.0,1.5231,12.9317,0.0,85.1077,-14.271,0.4628,0
2019-06-28,40.068865,116.330175,2019,1.0623014171490646,0.0,0.2989,0.1624,46.0,3.3936,10.1148,1.0,60.9802,-17.4608,0.4665,0
2019-06-28,40.044782,116.309719,2019,1.0623014171490646,0.0,0.2989,0.1624,47.0,1.1424,17.998,0.0,50.6644,-18.8246,0.4681,0
2019-06-28,40.039705,116.358662,2019,1.0623014171490646,0.0,0.2989,0.1624,38.0,2.0361,11.3195,0.0,36.91,-20.643,0.4703,0
2019-06-30,40.34096,116.57259,2019,0.0,0.0,0.2989,0.1624,78.0,4.805,10.1713,13.0,38.272,-18.663,0.4703,0
2019-06-30,40.32732,116.63634,2019,0.0,0.0,0.2989,0.1624,47.0,0.3809,18.9852,0.0,52.3744,-16.5423,0.4656,0
2019-06-30,40.34671,116.64293,2019,0.0,0.0,0.2989,0.1624,53.0,2.0361,10.6264,6.0,38.272,-18.663,0.4703,0
2019-06-30,40.344046,116.567934,2019,0.0,0.0,0.2989,0.1624,74.0,3.3936,11.031,6.0,38.272,-18.663,0.4703,0
2019-07-17,39.979006,116.755724,2019,2.882117820355268,0.013,0.2989,0.1624,25.0,3.9311,9.9673,3.0,137.867,-6.652,0.4453,0
2019-07-17,39.916119,116.724731,2019,2.882117820355268,0.013,0.2989,0.1624,28.0,2.2115,10.5436,7.99,137.867,-6.652,0.4453,0
2019-07-18,40.108571,116.638516,2019,0.0,0.0,0.2989,0.1624,37.0,3.3084,11.2389,0.0,125.566,-7.837,0.4648,0
2019-07-18,40.026582,116.103672,2019,0.4304304565494212,0.0,0.2989,0.1624,181.0,13.2788,9.8321,49.0,33.8111,-16.1908,0.4608,0
2019-07-18,40.001512,116.100856,2019,0.4304304565494212,0.0,0.2989,0.1624,137.0,3.7224,10.022,7.0,36.477,-16.417,0.4673,0
2019-07-22,40.233214,116.358662,2019,1.4689922201942098,0.0,0.2989,0.1624,69.0,0.7577,11.6152,15.0,37.0248,-18.9614,0.4679,0
2019-07-22,40.232568,116.228636,2019,1.4252695090042051,0.0,0.2989,0.1624,90.0,6.6853,9.4334,16.0,22.833,-21.265,0.4503,0
2019-07-22,40.344046,116.567934,2019,0.0,0.0,0.2197,0.2506,74.0,3.3936,11.031,6.0,38.272,-18.663,0.4703,1
2019-07-25,39.909603,116.61486,2019,0.0,0.0,0.2989,0.1624,29.0,1.5152,10.9221,3.0,125.312,-7.795,0.4646,0
2019-07-28,40.232568,116.228636,2019,1.1889711757846868,0.0,0.2989,0.1624,90.0,6.6853,9.4334,16.0,22.833,-21.265,0.4503,0
2019-07-28,39.902702,116.571962,2019,2.931527410371743,0.098,0.286,0.1786,30.0,0.7577,13.9178,2.0,125.312,-7.795,0.4646,1
2019-07-28,40.028878,116.468059,2019,3.726003835771056,0.201,0.2984,0.1664,39.0,1.1062,12.7409,1.0,123.66,-7.837,0.4648,1
2019-07-28,39.861699,116.271426,2019,1.0589340468166384,0.0,0.3091,0.1589,54.0,3.483,10.0887,2.0,29.81,-26.342,0.468,1
2019-07-28,39.854141,116.261096,2019,1.0589340468166384,0.0,0.3145,0.1535,56.0,1.1967,11.1581,4.0,29.945,-26.3163,0.468,1
2019-07-28,39.842625,116.257933,2019,1.0589340468166384,0.0,0.2529,0.2118,51.0,3.159,10.592,0.0,31.3152,-24.5368,0.4647,1
2019-07-28,39.774398,116.166069,2019,0.0,0.0,0.289,0.1758,44.0,3.0558,12.7047,0.0,128.874,-7.837,0.4648,1
2019-07-28,40.233214,116.358662,2019,1.6748644021860182,0.0,0.2687,0.1992,69.0,0.7577,11.6152,15.0,37.0248,-18.9614,0.4679,1
2019-07-28,40.069132,116.384865,2019,6.618632230772692,3.401,0.3242,0.1461,37.0,2.284,18.9133,0.0,36.91,-20.643,0.4703,1
2019-08-05,40.233214,116.358662,2019,44.65385667501061,37.882,0.2989,0.1624,69.0,0.7577,11.6152,15.0,37.0248,-18.9614,0.4679,0
2019-08-05,40.232568,116.228636,2019,29.38742125674307,25.698,0.2989,0.1624,90.0,6.6853,9.4334,16.0,22.833,-21.265,0.4503,0
2019-08-05,39.98824,116.49855,2019,90.01009180154537,34.254,0.2907,0.1672,35.0,1.6488,15.1813,0.0,118.012,-7.9198,0.4579,1
2019-08-05,39.954526,116.547189,2019,91.97045617592002,29.434,0.2979,0.1667,31.0,2.6641,10.3572,2.0,125.312,-7.795,0.4646,1
2019-08-05,39.94431,116.48999,2019,90.01009180154537,3.475,0.26,0.1974,37.0,1.1062,11.6422,1.0,135.6412,-7.242,0.4574,1
2019-08-05,39.987914,116.442261,2019,90.01009180154537,86.481,0.394,0.0679,40.0,2.5884,16.7688,0.0,30.2547,-22.5196,0.4619,1
2019-08-05,40.108571,116.638516,2019,91.3156421806578,9.208,0.2393,0.2255,37.0,3.3084,11.2389,0.0,125.566,-7.837,0.4648,1
2019-08-05,40.090761,116.660893,2019,75.59297846846003,7.587,0.201,0.2638,38.0,4.4401,9.8451,2.0,125.566,-7.837,0.4648,1
2019-08-05,40.295281,116.664272,2019,91.27909136825542,20.401,0.1856,0.2619,38.0,0.9361,16.5828,0.0,108.009,-8.176,0.4475,1
2019-08-05,40.295281,116.648351,2019,91.27909136825542,28.382,0.2227,0.2248,43.0,0.9361,11.4038,3.0,108.009,-8.176,0.4475,1
2019-08-05,40.340813,116.750316,2019,91.2110363608097,42.626,0.1775,0.2823,54.0,1.5231,11.3223,2.0,84.3213,-13.6101,0.4598,1
2019-08-05,40.406625,115.940856,2019,8.061065818371182,4.058,0.1679,0.3129,496.0,0.3809,12.7086,0.0,46.278,-20.601,0.4808,1
2019-08-07,40.233214,116.358662,2019,14.906098231223424,9.493,0.2989,0.1624,69.0,0.7577,11.6152,15.0,37.0248,-18.9614,0.4679,0
2019-08-07,40.232568,116.228636,2019,12.466034901939365,8.776,0.2989,0.1624,90.0,6.6853,9.4334,16.0,22.833,-21.265,0.4503,0
2019-08-07,40.069132,116.384865,2019,32.22667549302301,24.928,0.2907,0.1796,37.0,2.284,18.9133,0.0,36.91,-20.643,0.4703,1
2019-08-07,40.079204,116.333495,2019,32.22667549302301,14.265,0.3632,0.0996,43.0,1.5231,12.9317,0.0,85.1077,-14.271,0.4628,1
2019-08-07,40.340813,116.750316,2019,10.39225443256669,3.338,0.1775,0.2823,54.0,1.5231,11.3223,2.0,84.3213,-13.6101,0.4598,1
2019-08-08,40.233214,116.358662,2019,0.0,0.0,0.2989,0.1624,69.0,0.7577,11.6152,15.0,37.0248,-18.9614,0.4679,0
2019-08-08,40.232568,116.228636,2019,0.0,0.0,0.2989,0.1624,90.0,6.6853,9.4334,16.0,22.833,-21.265,0.4503,0
2019-08-08,39.845321,116.257168,2019,0.0,0.0,0.3772,0.0902,53.0,3.3084,10.5457,2.0,30.0609,-26.0411,0.4674,1
2019-08-09,40.233214,116.358662,2019,15.274243287065458,9.764,0.2989,0.1624,69.0,0.7577,11.6152,15.0,37.0248,-18.9614,0.4679,0
2019-08-09,40.232568,116.228636,2019,13.482622557420491,9.793,0.2989,0.1624,90.0,6.6853,9.4334,16.0,22.833,-21.265,0.4503,0
2019-08-09,40.340813,116.750316,2019,42.9352696276274,16.28,0.1775,0.2823,54.0,1.5231,11.3223,2.0,84.3213,-13.6101,0.4598,1
2019-08-21,39.898579,116.653324,2019,0.0,0.0,0.2989,0.1624,27.0,1.6633,11.9274,2.0,125.312,-7.795,0.4646,0
2019-08-21,39.891351,116.678817,2019,0.0,0.0,0.2989,0.1624,22.0,4.4043,10.2587,1.0,109.8204,-8.0396,0.4478,0
2019-08-21,39.682531,116.413385,2019,0.0,0.0,0.2989,0.1624,32.0,2.7874,11.0051,0.0,68.8305,-14.639,0.4683,0
2019-08-22,39.818168,116.153772,2019,0.0,0.0,0.2989,0.1624,95.0,2.7289,10.3332,27.0,39.124,-18.4,0.4703,0
2019-08-23,39.90671,116.436755,2019,0.0,0.0,0.2989,0.1624,47.0,11.6665,9.2726,3.0,0.01,-10.0,0.1,0
2019-08-23,39.98824,116.49855,2019,0.0,0.0,0.2989,0.1624,35.0,1.6488,15.1813,0.0,118.012,-7.9198,0.4579,0
2019-08-23,39.94431,116.48999,2019,0.0,0.0,0.2989,0.1624,37.0,1.1062,11.6422,1.0,135.6412,-7.242,0.4574,0
2019-08-23,39.987914,116.442261,2019,0.0,0.0,0.2989,0.1624,40.0,2.5884,16.7688,0.0,30.2547,-22.5196,0.4619,0
2019-08-23,39.97912,116.478515,2019,0.0,0.0,0.2989,0.1624,40.0,3.3653,10.1232,1.0,123.5423,-7.8387,0.4647,0
2019-08-30,40.357085,116.821258,2019,0.0,0.0,0.2989,0.1624,63.0,0.6047,19.1073,0.0,27.511,-25.627,0.4773,0
2019-09-04,39.867612,116.271426,2019,0.0,0.0,0.2989,0.1624,51.0,1.2948,13.0252,0.0,88.1144,-15.2288,0.4666,0
2019-09-04,39.873181,116.289278,2019,0.0,0.0,0.2989,0.1624,48.0,1.1967,11.5636,0.0,126.984,-7.82,0.4657,0
2019-09-05,39.89635,116.29049,2019,0.0,0.0,0.2989,0.1624,56.0,2.4612,10.4366,1.0,126.984,-7.82,0.4657,0
2019-09-05,39.861699,116.271426,2019,0.0,0.0,0.2989,0.1624,54.0,3.483,10.0887,2.0,29.81,-26.342,0.468,0
2019-09-05,39.854141,116.261096,2019,0.0,0.0,0.2989,0.1624,56.0,1.1967,11.1581,4.0,29.945,-26.3163,0.468,0
2019-09-05,39.842625,116.257933,2019,0.0,0.0,0.2989,0.1624,51.0,3.159,10.592,0.0,31.3152,-24.5368,0.4647,0
2019-09-05,39.845321,116.257168,2019,0.0,0.0,0.2989,0.1624,53.0,3.3084,10.5457,2.0,30.0609,-26.0411,0.4674,0
2019-09-09,40.233214,116.358662,2019,6.765969486172129,3.506,0.2989,0.1624,69.0,0.7577,11.6152,15.0,37.0248,-18.9614,0.4679,0
2019-09-09,40.232568,116.228636,2019,1.2084288389165645,0.0,0.2989,0.1624,90.0,6.6853,9.4334,16.0,22.833,-21.265,0.4503,0
2019-09-09,40.069132,116.384865,2019,11.461785469263685,6.967,0.3015,0.1688,37.0,2.284,18.9133,0.0,36.91,-20.643,0.4703,1
2019-09-13,40.233214,116.358662,2019,19.364699005204752,12.772,0.2989,0.1624,69.0,0.7577,11.6152,15.0,37.0248,-18.9614,0.4679,0
2019-09-13,40.232568,116.228636,2019,16.160623029195545,12.471,0.2989,0.1624,90.0,6.6853,9.4334,16.0,22.833,-21.265,0.4503,0
2019-09-13,40.417545,115.940914,2019,24.12989199045542,15.455,0.1977,0.2705,497.0,2.284,10.5114,4.0,42.2286,-17.8422,0.4682,1
2020-06-08,39.988918,116.393085,2020,0.0,0.0,0.2989,0.1624,48.0,1.8716,11.1161,1.0,101.1767,-9.7143,0.4491,0
2020-06-08,39.984489,116.300067,2020,0.0,0.0,0.2989,0.1624,52.0,3.3084,11.932,3.0,123.794,-7.837,0.4648,0
2020-06-08,39.90071,116.328174,2020,0.0,0.0,0.2989,0.1624,50.0,1.8416,12.1131,1.0,0.01,-10.0,0.1,0
2020-06-10,40.178113,116.423676,2020,1.5559445551933773,0.0,0.2989,0.1624,33.0,0.7577,14.1001,1.0,33.595,-19.782,0.4615,0
2020-06-24,40.233214,116.358662,2020,8.675703368437373,4.91,0.2989,0.1624,69.0,0.7577,11.6152,15.0,37.0248,-18.9614,0.4679,0
2020-06-24,40.232568,116.228636,2020,6.219030270022646,3.531,0.2989,0.1624,90.0,6.6853,9.4334,16.0,22.833,-21.265,0.4503,0
2020-06-24,40.406625,115.940856,2020,37.961547780493305,24.074,0.1734,0.3074,496.0,0.3809,12.7086,0.0,46.278,-20.601,0.4808,1
2020-06-24,40.417545,115.940914,2020,37.961547780493305,25.114,0.1858,0.2824,497.0,2.284,10.5114,4.0,42.2286,-17.8422,0.4682,1
2020-06-28,39.863815,116.452871,2020,0.0,0.0,0.2989,0.1624,40.0,2.842,10.2925,4.0,111.0258,-10.2465,0.465,0
2020-06-30,40.400093,116.877933,2020,0.0,0.0,0.2989,0.1624,97.0,1.5152,10.9221,7.0,35.74,-18.023,0.4825,0
2020-06-30,40.410503,116.839521,2020,0.0,0.0,0.2989,0.1624,76.0,0.0,14.5567,2.0,87.247,-12.2809,0.4654,0
2020-07-01,40.233214,116.358662,2020,3.4806049986330563,1.089,0.2989,0.1624,69.0,0.7577,11.6152,15.0,37.0248,-18.9614,0.4679,0
2020-07-01,40.232568,116.228636,2020,0.5138568585794911,0.0,0.2989,0.1624,90.0,6.6853,9.4334,16.0,22.833,-21.265,0.4503,0
2020-07-01,40.340813,116.750316,2020,17.242095196036004,6.062,0.1972,0.2626,54.0,1.5231,11.3223,2.0,84.3213,-13.6101,0.4598,1
2020-07-01,40.406625,115.940856,2020,16.90167350147447,9.976,0.1893,0.2915,496.0,0.3809,12.7086,0.0,46.278,-20.601,0.4808,1
2020-07-01,40.417545,115.940914,2020,16.90167350147447,10.407,0.2061,0.2621,497.0,2.284,10.5114,4.0,42.2286,-17.8422,0.4682,1
2020-07-05,40.233214,116.358662,2020,13.161800290922727,8.21,0.2989,0.1624,69.0,0.7577,11.6152,15.0,37.0248,-18.9614,0.4679,0
2020-07-05,40.232568,116.228636,2020,20.48716194858273,16.797,0.2989,0.1624,90.0,6.6853,9.4334,16.0,22.833,-21.265,0.4503,0
2020-07-05,40.417545,115.940914,2020,8.848116104138901,4.782,0.2061,0.2621,497.0,2.284,10.5114,4.0,42.2286,-17.8422,0.4682,1
2020-07-06,40.233214,116.358662,2020,3.4888780789855014,1.095,0.2989,0.1624,69.0,0.7577,11.6152,15.0,37.0248,-18.9614,0.4679,0
2020-07-06,40.232568,116.228636,2020,1.5008922793884485,0.0,0.2989,0.1624,90.0,6.6853,9.4334,16.0,22.833,-21.265,0.4503,0
2020-07-06,39.682531,116.413385,2020,21.54105629779472,9.934,0.2183,0.25,32.0,2.7874,11.0051,0.0,68.8305,-14.639,0.4683,1
2020-07-06,39.832381,116.41188,2020,34.55326789021529,12.997,0.2438,0.2223,36.0,2.5732,19.459,0.0,84.1054,-15.9898,0.4661,1
2020-07-07,39.84432,116.24102,2020,0.0,0.0,0.2989,0.1624,58.0,0.3809,12.3031,3.0,30.4372,-25.5898,0.4666,0
2020-07-07,39.832871,116.288638,2020,0.0,0.0,0.2989,0.1624,54.0,3.9311,10.3728,6.0,33.573,-21.829,0.4597,0
2020-07-07,39.84392,116.25283,2020,0.0,0.0,0.2989,0.1624,56.0,1.1062,11.2368,3.0,30.688,-25.289,0.4661,0
2020-07-07,39.83803,116.25133,2020,0.0,0.0,0.2989,0.1624,55.0,1.6488,10.8375,5.0,33.3221,-22.1299,0.4603,0
2020-07-07,39.810888,116.204004,2020,0.0,0.0,0.2989,0.1624,51.0,1.4707,19.3487,0.0,108.5235,-8.1711,0.4475,0
2020-07-07,39.837833,116.21258,2020,0.0,0.0,0.2989,0.1624,56.0,3.6526,10.7342,1.0,98.8434,-9.0954,0.4476,0
2020-07-07,39.85523,116.220412,2020,0.0,0.0,0.2989,0.1624,57.0,0.3809,16.6206,0.0,46.7405,-22.8765,0.4665,0
2020-07-07,39.837833,116.216258,2020,0.0,0.0,0.2989,0.1624,54.0,0.3809,12.9963,0.0,98.591,-9.106,0.4475,0
2020-07-07,39.847767,116.216721,2020,0.0,0.0,0.2989,0.1624,63.0,2.611,10.3774,5.0,90.5666,-11.1169,0.4498,0
2020-07-07,39.833889,116.243523,2020,0.0,0.0,0.2989,0.1624,55.0,3.0558,11.6061,1.0,61.7475,-16.3157,0.4544,0
2020-07-07,39.823642,116.275576,2020,0.0,0.0,0.2989,0.1624,47.0,2.9547,11.5063,3.0,45.579,-15.556,0.472,0
2020-07-07,39.826845,116.206379,2020,0.0,0.0,0.2989,0.1624,61.0,3.3653,10.1232,6.0,108.4961,-8.1736,0.4475,0
2020-07-12,40.233214,116.358662,2020,17.624824421792763,11.493,0.2989,0.1624,69.0,0.7577,11.6152,15.0,37.0248,-18.9614,0.4679,0
2020-07-12,40.232568,116.228636,2020,21.706866363327546,18.017,0.2989,0.1624,90.0,6.6853,9.4334,16.0,22.833,-21.265,0.4503,0
2020-07-12,39.903404,116.285473,2020,16.09890669548996,14.099,0.4591,0.0,61.0,2.842,10.9856,4.0,0.01,-10.0,0.1,1
2020-07-14,39.929403,116.168682,2020,0.0,0.0,0.2989,0.1624,110.0,17.8898,9.3366,32.0,126.984,-7.82,0.4657,0
2020-07-15,39.88677,116.32057,2020,0.0,0.0,0.2989,0.1624,50.0,2.2156,11.2349,2.0,126.984,-7.82,0.4657,0
2020-07-15,39.831067,116.345443,2020,0.0,0.0,0.2989,0.1624,41.0,2.284,11.8977,0.0,29.81,-26.342,0.468,0
2020-07-15,39.830656,116.313016,2020,0.0,0.0,0.2989,0.1624,46.0,2.3924,10.8704,0.0,33.573,-21.829,0.4597,0
2020-07-15,39.8857,116.300439,2020,0.0,0.0,0.2989,0.1624,51.0,2.2115,11.2368,0.0,126.984,-7.82,0.4657,0
2020-07-15,39.814733,116.345035,2020,0.0,0.0,0.2989,0.1624,44.0,7.7233,10.6738,1.0,29.81,-26.342,0.468,0
2020-07-15,39.809898,116.303086,2020,0.0,0.0,0.2989,0.1624,47.0,1.9036,11.61,1.0,45.579,-15.556,0.472,0
2020-07-15,39.808469,116.301864,2020,0.0,0.0,0.2989,0.1624,48.0,1.1967,11.5636,3.0,45.579,-15.556,0.472,0
2020-07-17,40.121235,116.262307,2020,2.7795630041511865,0.0,0.2989,0.1624,41.0,2.7772,11.0088,2.0,140.068,-7.005,0.4543,0
2020-07-19,40.417545,115.940914,2020,0.6919659439316702,0.0,0.2989,0.1624,497.0,2.284,10.5114,4.0,42.2286,-17.8422,0.4682,0
2020-07-19,40.104259,116.154837,2020,0.9827543327551018,0.0,0.2989,0.1624,45.0,2.4612,12.3084,0.0,39.8906,-19.8321,0.4738,0
2020-07-19,40.428162,115.973277,2020,0.6919659439316702,0.0,0.2989,0.1624,500.0,2.611,10.3774,3.0,58.7146,-14.1579,0.4816,0
2020-07-19,40.468379,115.962826,2020,0.6919659439316702,0.0,0.2989,0.1624,486.0,1.4707,14.7696,2.0,45.1076,-20.1434,0.4735,0
2020-07-19,40.232568,116.228636,2020,2.10871107223832,0.091,0.2989,0.1624,90.0,6.6853,9.4334,16.0,22.833,-21.265,0.4503,0
2020-07-19,40.237712,116.214265,2020,2.10871107223832,0.028,0.2989,0.1624,89.0,3.3653,11.5095,3.0,104.3079,-10.4178,0.462,0
2020-07-31,40.233214,116.358662,2020,37.85713437578668,31.085,0.2989,0.1624,69.0,0.7577,11.6152,15.0,37.0248,-18.9614,0.4679,0
2020-07-31,40.232568,116.228636,2020,37.6579670107642,33.968,0.2989,0.1624,90.0,6.6853,9.4334,16.0,22.833,-21.265,0.4503,0
2020-07-31,39.97912,116.478515,2020,49.50588529789376,5.585,0.3345,0.1302,40.0,3.3653,10.1232,1.0,123.5423,-7.8387,0.4647,1
2020-07-31,39.984489,116.300067,2020,60.49699718442638,21.771,0.3593,0.1055,52.0,3.3084,11.932,3.0,123.794,-7.837,0.4648,1
2020-07-31,39.842625,116.257933,2020,44.4473302051283,39.764,0.3306,0.1341,51.0,3.159,10.592,0.0,31.3152,-24.5368,0.4647,1
2020-07-31,39.845321,116.257168,2020,44.4473302051283,40.069,0.3369,0.1305,53.0,3.3084,10.5457,2.0,30.0609,-26.0411,0.4674,1
2020-07-31,39.810888,116.204004,2020,44.4473302051283,18.76,0.4096,0.0379,51.0,1.4707,19.3487,0.0,108.5235,-8.1711,0.4475,1
2020-07-31,39.837833,116.21258,2020,44.4473302051283,22.924,0.4402,0.0074,56.0,3.6526,10.7342,1.0,98.8434,-9.0954,0.4476,1
2020-07-31,39.774398,116.166069,2020,57.03469407320247,4.374,0.2854,0.1794,44.0,3.0558,12.7047,0.0,128.874,-7.837,0.4648,1
2020-07-31,39.799393,116.223216,2020,43.01584624669817,21.595,0.436,0.0115,56.0,2.2264,10.5369,1.0,98.591,-9.106,0.4475,1
2020-07-31,40.295281,116.664272,2020,27.37398002675658,5.798,0.1476,0.2999,38.0,0.9361,16.5828,0.0,108.009,-8.176,0.4475,1
2020-07-31,40.295281,116.648351,2020,27.37398002675658,5.798,0.2024,0.2451,43.0,0.9361,11.4038,3.0,108.009,-8.176,0.4475,1
2020-07-31,40.340813,116.750316,2020,49.86690950036305,19.037,0.1918,0.268,54.0,1.5231,11.3223,2.0,84.3213,-13.6101,0.4598,1
2020-08-09,40.233214,116.358662,2020,0.0,0.0,0.2989,0.1624,69.0,0.7577,11.6152,15.0,37.0248,-18.9614,0.4679,0
2020-08-09,40.232568,116.228636,2020,0.0,0.0,0.2989,0.1624,90.0,6.6853,9.4334,16.0,22.833,-21.265,0.4503,0
2020-08-09,39.902702,116.571962,2020,0.6067001483217969,0.0,0.3836,0.081,30.0,0.7577,13.9178,2.0,125.312,-7.795,0.4646,1
2020-08-09,40.069132,116.384865,2020,0.0,0.0,0.3882,0.0821,37.0,2.284,18.9133,0.0,36.91,-20.643,0.4703,1
2020-08-11,40.178113,116.423676,2020,0.0,0.0,0.2989,0.1624,33.0,0.7577,14.1001,1.0,33.595,-19.782,0.4615,0
2020-08-12,40.232568,116.228636,2020,41.67621251592846,37.987,0.2989,0.1624,90.0,6.6853,9.4334,16.0,22.833,-21.265,0.4503,0
2020-08-12,39.902702,116.571962,2020,29.77865526763657,2.914,0.3194,0.1452,30.0,0.7577,13.9178,2.0,125.312,-7.795,0.4646,1
2020-08-12,39.929543,116.248293,2020,46.08339209638511,40.119,0.3454,0.1284,67.0,3.044,10.2237,6.0,38.423,-17.839,0.4738,1
2020-08-12,39.984489,116.300067,2020,32.908204330144386,3.578,0.4313,0.0335,52.0,3.3084,11.932,3.0,123.794,-7.837,0.4648,1
2020-08-12,39.903404,116.285473,2020,46.08339209638511,44.084,0.4464,0.0,61.0,2.842,10.9856,4.0,0.01,-10.0,0.1,1
2020-08-12,39.90071,116.328174,2020,32.908204330144386,30.908,0.3235,0.0,50.0,1.8416,12.1131,1.0,0.01,-10.0,0.1,1
2020-08-12,39.861699,116.271426,2020,31.88839668992708,26.083,0.488,0.0,54.0,3.483,10.0887,2.0,29.81,-26.342,0.468,1
2020-08-12,39.854141,116.261096,2020,31.88839668992708,28.395,0.4381,0.0299,56.0,1.1967,11.1581,4.0,29.945,-26.3163,0.468,1
2020-08-12,39.845321,116.257168,2020,31.88839668992708,28.381,0.3917,0.0757,53.0,3.3084,10.5457,2.0,30.0609,-26.0411,0.4674,1
2020-08-12,39.810888,116.204004,2020,31.88839668992708,6.72,0.4052,0.0423,51.0,1.4707,19.3487,0.0,108.5235,-8.1711,0.4475,1
2020-08-12,39.837833,116.21258,2020,31.88839668992708,10.365,0.4344,0.0132,56.0,3.6526,10.7342,1.0,98.8434,-9.0954,0.4476,1
2020-08-12,39.85523,116.220412,2020,31.88839668992708,25.875,0.4237,0.0428,57.0,0.3809,16.6206,0.0,46.7405,-22.8765,0.4665,1
2020-08-12,39.8857,116.300439,2020,26.416024018449868,2.27,0.4586,0.0071,51.0,2.2115,11.2368,0.0,126.984,-7.82,0.4657,1
2020-08-12,39.774398,116.166069,2020,17.455809936141247,1.228,0.3016,0.1632,44.0,3.0558,12.7047,0.0,128.874,-7.837,0.4648,1
2020-08-12,40.233214,116.358662,2020,34.11432144515534,25.179,0.2392,0.2287,69.0,0.7577,11.6152,15.0,37.0248,-18.9614,0.4679,1
2020-08-12,40.026582,116.103672,2020,35.35040907192471,28.273,0.2565,0.2043,181.0,13.2788,9.8321,49.0,33.8111,-16.1908,0.4608,1
2020-08-12,40.069132,116.384865,2020,32.945070829439,26.866,0.3283,0.142,37.0,2.284,18.9133,0.0,36.91,-20.643,0.4703,1
2020-08-12,40.178113,116.423676,2020,29.775341972513395,22.615,0.2516,0.2099,33.0,0.7577,14.1001,1.0,33.595,-19.782,0.4615,1
2020-08-12,40.079204,116.333495,2020,32.945070829439,15.674,0.3672,0.0956,43.0,1.5231,12.9317,0.0,85.1077,-14.271,0.4628,1
2020-08-12,40.033007,116.683391,2020,25.74193320203284,4.441,0.2934,0.1587,27.0,1.4707,10.9519,2.0,113.8136,-7.9888,0.4521,1
2020-08-12,40.068865,116.330175,2020,32.945070829439,22.263,0.3586,0.1079,46.0,3.3936,10.1148,1.0,60.9802,-17.4608,0.4665,1
2020-08-12,40.344046,116.567934,2020,22.62069218676833,14.984,0.2454,0.2249,74.0,3.3936,11.031,6.0,38.272,-18.663,0.4703,1
2020-08-12,40.295281,116.648351,2020,22.61170935831085,4.71,0.2533,0.1942,43.0,0.9361,11.4038,3.0,108.009,-8.176,0.4475,1
2020-08-12,40.340813,116.750316,2020,16.304933311503397,5.689,0.2277,0.2321,54.0,1.5231,11.3223,2.0,84.3213,-13.6101,0.4598,1
2020-08-12,40.400093,116.877933,2020,10.776686225098794,6.536,0.2237,0.2588,97.0,1.5152,10.9221,7.0,35.74,-18.023,0.4825,1
2020-08-17,39.799393,116.223216,2020,0.0,0.0,0.2989,0.1624,56.0,2.2264,10.5369,1.0,98.591,-9.106,0.4475,0
2020-08-17,39.705649,116.229085,2020,0.0,0.0,0.2989,0.1624,45.0,6.448,10.5684,2.0,98.591,-9.106,0.4475,0
2020-08-19,39.954526,116.547189,2020,3.8296921771520367,0.192,0.2989,0.1624,31.0,2.6641,10.3572,2.0,125.312,-7.795,0.4646,0
2020-08-19,39.902702,116.571962,2020,3.8296921771520367,0.192,0.2989,0.1624,30.0,0.7577,13.9178,2.0,125.312,-7.795,0.4646,0
2020-08-19,39.867612,116.271426,2020,3.9503818192842304,0.723,0.2989,0.1624,51.0,1.2948,13.0252,0.0,88.1144,-15.2288,0.4666,0
2020-08-19,39.873181,116.289278,2020,3.9503818192842304,0.181,0.2989,0.1624,48.0,1.1967,11.5636,0.0,126.984,-7.82,0.4657,0
2020-08-20,39.89635,116.29049,2020,0.0,0.0,0.2989,0.1624,56.0,2.4612,10.4366,1.0,126.984,-7.82,0.4657,0
2020-08-20,39.861699,116.271426,2020,0.0,0.0,0.2989,0.1624,54.0,3.483,10.0887,2.0,29.81,-26.342,0.468,0
2020-08-20,39.854141,116.261096,2020,0.0,0.0,0.2989,0.1624,56.0,1.1967,11.1581,4.0,29.945,-26.3163,0.468,0
2020-08-20,39.842625,116.257933,2020,0.0,0.0,0.2989,0.1624,51.0,3.159,10.592,0.0,31.3152,-24.5368,0.4647,0
2020-08-20,39.845321,116.257168,2020,0.0,0.0,0.2989,0.1624,53.0,3.3084,10.5457,2.0,30.0609,-26.0411,0.4674,0
2021-06-19,39.863404,116.567311,2021,0.0,0.0,0.2989,0.1624,28.0,6.1805,9.5125,2.0,32.307,-20.326,0.4861,0
2021-06-19,39.823868,116.506227,2021,0.0,0.0,0.2989,0.1624,35.0,2.3148,10.4979,4.0,126.766,-7.856,0.4646,0
2021-06-22,40.254534,116.53804,2021,0.0,0.0,0.2989,0.1624,55.0,1.4707,12.2047,0.0,125.294,-7.837,0.4648,0
2021-06-23,40.107676,116.562609,2021,1.1421355804557798,0.0,0.2989,0.1624,35.0,4.1189,11.0191,0.0,82.8652,-15.6816,0.463,0
2021-06-25,40.233214,116.358662,2021,16.811765648812308,10.895,0.2989,0.1624,69.0,0.7577,11.6152,15.0,37.0248,-18.9614,0.4679,0
2021-06-25,40.232568,116.228636,2021,14.894173747989468,11.204,0.2989,0.1624,90.0,6.6853,9.4334,16.0,22.833,-21.265,0.4503,0
2021-06-25,40.344046,116.567934,2021,15.753660770879224,9.994,0.1672,0.3031,74.0,3.3936,11.031,6.0,38.272,-18.663,0.4703,1
2021-06-27,39.903502,116.317032,2021,0.0,0.0,0.2989,0.1624,53.0,0.9264,11.4142,4.0,0.01,-10.0,0.1,0
2021-06-28,40.340813,116.750316,2021,0.0,0.0,0.2989,0.1624,54.0,1.5231,11.3223,2.0,84.3213,-13.6101,0.4598,0
2021-06-28,40.233214,116.358662,2021,0.0,0.0,0.2989,0.1624,69.0,0.7577,11.6152,15.0,37.0248,-18.9614,0.4679,0
2021-06-28,39.903404,116.285473,2021,0.0,0.0,0.2989,0.1624,61.0,2.842,10.9856,4.0,0.01,-10.0,0.1,0
2021-06-28,39.929543,116.248293,2021,0.0,0.0,0.2989,0.1624,67.0,3.044,10.2237,6.0,38.423,-17.839,0.4738,0
2021-06-28,39.923921,116.238857,2021,0.0,0.0,0.2989,0.1624,88.0,8.9136,10.0584,27.0,121.5719,-8.4323,0.4662,0
2021-06-28,40.033469,116.231435,2021,0.0,0.0,0.2989,0.1624,95.0,13.159,8.7429,37.0,37.8012,-17.5136,0.4748,0
2021-07-01,40.233214,116.358662,2021,26.407828481031668,19.636,0.2989,0.1624,69.0,0.7577,11.6152,15.0,37.0248,-18.9614,0.4679,0
2021-07-01,40.232568,116.228636,2021,21.58591461244228,17.896,0.2989,0.1624,90.0,6.6853,9.4334,16.0,22.833,-21.265,0.4503,0
2021-07-01,40.094656,116.551254,2021,33.78432150770054,3.556,0.1661,0.2987,34.0,1.2948,15.8626,2.0,124.336,-7.837,0.4648,1
2021-07-01,40.069132,116.384865,2021,56.91163310182303,48.073,0.2432,0.2271,37.0,2.284,18.9133,0.0,36.91,-20.643,0.4703,1
2021-07-03,40.233214,116.358662,2021,49.00498951117625,42.233,0.2989,0.1624,69.0,0.7577,11.6152,15.0,37.0248,-18.9614,0.4679,0
2021-07-03,40.232568,116.228636,2021,43.33553918552772,39.646,0.2989,0.1624,90.0,6.6853,9.4334,16.0,22.833,-21.265,0.4503,0
2021-07-03,39.704511,116.129163,2021,64.744943255052,55.872,0.1923,0.2671,42.0,2.1281,10.5821,1.0,34.017,-16.4538,0.4594,1
2021-07-03,39.705649,116.229085,2021,58.5056371478744,16.713,0.2014,0.2461,45.0,6.448,10.5684,2.0,98.591,-9.106,0.4475,1
2021-07-03,40.069132,116.384865,2021,60.9260764384054,52.087,0.2432,0.2271,37.0,2.284,18.9133,0.0,36.91,-20.643,0.4703,1
2021-07-03,39.774398,116.166069,2021,64.744943255052,4.986,0.2342,0.2306,44.0,3.0558,12.7047,0.0,128.874,-7.837,0.4648,1
2021-07-03,40.079204,116.333495,2021,60.9260764384054,27.771,0.2751,0.1877,43.0,1.5231,12.9317,0.0,85.1077,-14.271,0.4628,1
2021-07-04,40.379651,115.881031,2021,0.0,0.0,0.2989,0.1624,504.0,2.611,10.3774,7.0,41.6159,-16.8446,0.4646,0
2021-07-05,40.233214,116.358662,2021,0.989057463832414,0.0,0.2989,0.1624,69.0,0.7577,11.6152,15.0,37.0248,-18.9614,0.4679,0
2021-07-05,40.232568,116.228636,2021,0.1928369711416634,0.0,0.2989,0.1624,90.0,6.6853,9.4334,16.0,22.833,-21.265,0.4503,0
2021-07-05,40.406625,115.940856,2021,0.7093606562714153,0.0,0.1857,0.2951,496.0,0.3809,12.7086,0.0,46.278,-20.601,0.4808,1
2021-07-05,39.903502,116.317032,2021,2.748196565367914,0.748,0.2672,0.0,53.0,0.9264,11.4142,4.0,0.01,-10.0,0.1,1
2021-07-07,40.406625,115.940856,2021,0.0,0.0,0.2989,0.1624,496.0,0.3809,12.7086,0.0,46.278,-20.601,0.4808,0
2021-07-12,40.233214,116.358662,2021,137.73984653379273,130.968,0.2989,0.1624,69.0,0.7577,11.6152,15.0,37.0248,-18.9614,0.4679,0
2021-07-12,40.232568,116.228636,2021,125.48685652994688,121.797,0.2989,0.1624,90.0,6.6853,9.4334,16.0,22.833,-21.265,0.4503,0
2021-07-12,40.104259,116.154837,2021,94.08768978315732,83.125,0.2222,0.2516,45.0,2.4612,12.3084,0.0,39.8906,-19.8321,0.4738,1
2021-07-12,40.357085,116.821258,2021,132.2571768900677,125.159,0.1726,0.3047,63.0,0.6047,19.1073,0.0,27.511,-25.627,0.4773,1
2021-07-12,40.340813,116.750316,2021,140.9264068273865,92.68,0.1795,0.2803,54.0,1.5231,11.3223,2.0,84.3213,-13.6101,0.4598,1
2021-07-18,40.233214,116.358662,2021,149.88865163995342,143.117,0.2989,0.1624,69.0,0.7577,11.6152,15.0,37.0248,-18.9614,0.4679,0
2021-07-18,40.232568,116.228636,2021,145.04897730495887,141.359,0.2989,0.1624,90.0,6.6853,9.4334,16.0,22.833,-21.265,0.4503,0
2021-07-18,40.104259,116.154837,2021,157.8247548086109,146.862,0.2222,0.2516,45.0,2.4612,12.3084,0.0,39.8906,-19.8321,0.4738,1
2021-07-18,40.344046,116.567934,2021,63.830947275243446,53.115,0.2047,0.2656,74.0,3.3936,11.031,6.0,38.272,-18.663,0.4703,1
2021-07-18,40.026582,116.103672,2021,96.43815553891756,88.236,0.2152,0.2456,181.0,13.2788,9.8321,49.0,33.8111,-16.1908,0.4608,1
2021-07-18,39.85523,116.220412,2021,54.238942613392325,39.367,0.2062,0.2603,57.0,0.3809,16.6206,0.0,46.7405,-22.8765,0.4665,1
2021-07-18,40.178113,116.423676,2021,65.08024465635786,58.769,0.2832,0.1783,33.0,0.7577,14.1001,1.0,33.595,-19.782,0.4615,1
2021-07-18,39.832871,116.288638,2021,54.238942613392325,47.77,0.2753,0.1844,54.0,3.9311,10.3728,6.0,33.573,-21.829,0.4597,1
2021-07-27,40.233214,116.358662,2021,48.74129398104638,41.97,0.2989,0.1624,69.0,0.7577,11.6152,15.0,37.0248,-18.9614,0.4679,0
2021-07-27,40.232568,116.228636,2021,10.472845533324646,7.091,0.2989,0.1624,90.0,6.6853,9.4334,16.0,22.833,-21.265,0.4503,0
2021-07-27,39.704511,116.129163,2021,70.61888611180773,64.228,0.2824,0.177,42.0,2.1281,10.5821,1.0,34.017,-16.4538,0.4594,1
2021-07-27,39.799393,116.223216,2021,63.83422180784082,22.071,0.2696,0.1779,56.0,2.2264,10.5369,1.0,98.591,-9.106,0.4475,1
2021-07-27,39.842625,116.257933,2021,63.19321708971325,58.937,0.3489,0.1158,51.0,3.159,10.592,0.0,31.3152,-24.5368,0.4647,1
2021-07-27,39.810888,116.204004,2021,63.19321708971325,31.309,0.3354,0.1121,51.0,1.4707,19.3487,0.0,108.5235,-8.1711,0.4475,1
2021-07-27,39.85523,116.220412,2021,63.19321708971325,54.298,0.3211,0.1454,57.0,0.3809,16.6206,0.0,46.7405,-22.8765,0.4665,1
2021-07-27,39.845321,116.257168,2021,63.19321708971325,59.254,0.3573,0.1101,53.0,3.3084,10.5457,2.0,30.0609,-26.0411,0.4674,1
2021-07-27,39.854141,116.261096,2021,63.19321708971325,59.39,0.3635,0.1045,56.0,1.1967,11.1581,4.0,29.945,-26.3163,0.468,1
2021-07-27,39.903404,116.285473,2021,83.39001964451766,81.39,0.3826,0.0,61.0,2.842,10.9856,4.0,0.01,-10.0,0.1,1
2021-07-27,39.837833,116.216258,2021,63.19321708971325,41.773,0.3815,0.066,54.0,0.3809,12.9963,0.0,98.591,-9.106,0.4475,1
2021-08-09,40.233214,116.358662,2021,21.629498905330443,14.858,0.2989,0.1624,69.0,0.7577,11.6152,15.0,37.0248,-18.9614,0.4679,0
2021-08-09,40.232568,116.228636,2021,12.517850039312991,8.828,0.2989,0.1624,90.0,6.6853,9.4334,16.0,22.833,-21.265,0.4503,0
2021-08-09,39.902702,116.571962,2021,64.71234777298066,20.347,0.3465,0.1181,30.0,0.7577,13.9178,2.0,125.312,-7.795,0.4646,1
2021-08-14,40.233214,116.358662,2021,8.984952400518205,5.138,0.2989,0.1624,69.0,0.7577,11.6152,15.0,37.0248,-18.9614,0.4679,0
2021-08-14,40.232568,116.228636,2021,2.5529506689280512,0.463,0.2989,0.1624,90.0,6.6853,9.4334,16.0,22.833,-21.265,0.4503,0
2021-08-14,39.854141,116.261096,2021,1.5445799409890684,0.0,0.3807,0.0873,56.0,1.1967,11.1581,4.0,29.945,-26.3163,0.468,1
2021-08-16,40.233214,116.358662,2021,2.699293435710949,0.514,0.2989,0.1624,69.0,0.7577,11.6152,15.0,37.0248,-18.9614,0.4679,0
2021-08-16,40.232568,116.228636,2021,1.449832383323021,0.0,0.2989,0.1624,90.0,6.6853,9.4334,16.0,22.833,-21.265,0.4503,0
2021-08-16,39.923921,116.238857,2021,1.1415141054198903,0.0,0.2513,0.2149,88.0,8.9136,10.0584,27.0,121.5719,-8.4323,0.4662,1
2021-08-16,40.044782,116.309719,2021,1.3537512203424935,0.0,0.3154,0.1527,47.0,1.1424,17.998,0.0,50.6644,-18.8246,0.4681,1
2021-08-16,39.842625,116.257933,2021,0.8831423646562895,0.0,0.3118,0.1529,51.0,3.159,10.592,0.0,31.3152,-24.5368,0.4647,1
2021-08-16,40.079204,116.333495,2021,1.3537512203424935,0.0,0.3559,0.1069,43.0,1.5231,12.9317,0.0,85.1077,-14.271,0.4628,1
2021-08-16,39.867612,116.271426,2021,0.8831423646562895,0.0,0.4787,0.0,51.0,1.2948,13.0252,0.0,88.1144,-15.2288,0.4666,1
2021-08-16,39.873181,116.289278,2021,0.8831423646562895,0.0,0.4225,0.0432,48.0,1.1967,11.5636,0.0,126.984,-7.82,0.4657,1
2021-08-16,39.845321,116.257168,2021,0.8831423646562895,0.0,0.3519,0.1155,53.0,3.3084,10.5457,2.0,30.0609,-26.0411,0.4674,1
2021-08-16,39.903404,116.285473,2021,1.1415141054198903,0.0,0.2853,0.0,61.0,2.842,10.9856,4.0,0.01,-10.0,0.1,1
2021-08-16,39.929543,116.248293,2021,1.1415141054198903,0.0,0.3114,0.1624,67.0,3.044,10.2237,6.0,38.423,-17.839,0.4738,1
2021-08-23,40.233214,116.358662,2021,0.0,0.0,0.2989,0.1624,69.0,0.7577,11.6152,15.0,37.0248,-18.9614,0.4679,0
2021-08-23,40.232568,116.228636,2021,0.0,0.0,0.2989,0.1624,90.0,6.6853,9.4334,16.0,22.833,-21.265,0.4503,0
2021-08-23,39.929403,116.168682,2021,0.0,0.0,0.3315,0.1342,110.0,17.8898,9.3366,32.0,126.984,-7.82,0.4657,1
2021-09-03,39.898579,116.653324,2021,0.0,0.0,0.2989,0.1624,27.0,1.6633,11.9274,2.0,125.312,-7.795,0.4646,0
2021-09-03,39.891351,116.678817,2021,0.0,0.0,0.2989,0.1624,22.0,4.4043,10.2587,1.0,109.8204,-8.0396,0.4478,0
2021-09-04,40.233214,116.358662,2021,42.46871503973773,35.697,0.2989,0.1624,69.0,0.7577,11.6152,15.0,37.0248,-18.9614,0.4679,0
2021-09-04,40.232568,116.228636,2021,47.714592071944246,44.025,0.2989,0.1624,90.0,6.6853,9.4334,16.0,22.833,-21.265,0.4503,0
2021-09-04,39.929403,116.168682,2021,58.815288644269934,8.719,0.3357,0.13,110.0,17.8898,9.3366,32.0,126.984,-7.82,0.4657,1
2021-09-07,39.682531,116.413385,2021,0.0,0.0,0.2989,0.1624,32.0,2.7874,11.0051,0.0,68.8305,-14.639,0.4683,0
2021-09-08,39.90671,116.436755,2021,0.5238335275388356,0.0,0.2989,0.1624,47.0,11.6665,9.2726,3.0,0.01,-10.0,0.1,0
2021-09-08,39.98824,116.49855,2021,0.5238335275388356,0.0,0.2989,0.1624,35.0,1.6488,15.1813,0.0,118.012,-7.9198,0.4579,0
2021-09-08,39.94431,116.48999,2021,0.5238335275388356,0.0,0.2989,0.1624,37.0,1.1062,11.6422,1.0,135.6412,-7.242,0.4574,0
2021-09-08,39.987914,116.442261,2021,0.5238335275388356,0.0,0.2989,0.1624,40.0,2.5884,16.7688,0.0,30.2547,-22.5196,0.4619,0
2021-09-08,39.97912,116.478515,2021,0.5238335275388356,0.0,0.2989,0.1624,40.0,3.3653,10.1232,1.0,123.5423,-7.8387,0.4647,0
2021-09-10,39.818168,116.153772,2021,0.0,0.0,0.2989,0.1624,95.0,2.7289,10.3332,27.0,39.124,-18.4,0.4703,0
2022-06-04,40.357085,116.821258,2022,1.5238489790041942,0.0,0.2989,0.1624,63.0,0.6047,19.1073,0.0,27.511,-25.627,0.4773,0
2022-06-09,39.954526,116.547189,2022,0.0,0.0,0.2989,0.1624,31.0,2.6641,10.3572,2.0,125.312,-7.795,0.4646,0
2022-06-09,39.902702,116.571962,2022,0.0,0.0,0.2989,0.1624,30.0,0.7577,13.9178,2.0,125.312,-7.795,0.4646,0
2022-06-09,39.799393,116.223216,2022,0.0,0.0,0.2989,0.1624,56.0,2.2264,10.5369,1.0,98.591,-9.106,0.4475,0
2022-06-09,39.705649,116.229085,2022,0.0,0.0,0.2989,0.1624,45.0,6.448,10.5684,2.0,98.591,-9.106,0.4475,0
2022-06-12,40.233214,116.358662,2022,11.099504704076937,6.693,0.2989,0.1624,69.0,0.7577,11.6152,15.0,37.0248,-18.9614,0.4679,0
2022-06-12,40.232568,116.228636,2022,5.126401273271972,2.617,0.2989,0.1624,90.0,6.6853,9.4334,16.0,22.833,-21.265,0.4503,0
2022-06-12,40.344046,116.567934,2022,19.64221487141529,12.819,0.1704,0.2999,74.0,3.3936,11.031,6.0,38.272,-18.663,0.4703,1
2022-06-12,40.357085,116.821258,2022,55.123468440739934,48.741,0.2123,0.265,63.0,0.6047,19.1073,0.0,27.511,-25.627,0.4773,1
2022-06-15,39.979006,116.755724,2022,0.0,0.0,0.2989,0.1624,25.0,3.9311,9.9673,3.0,137.867,-6.652,0.4453,0
2022-06-15,39.916119,116.724731,2022,0.0,0.0,0.2989,0.1624,28.0,2.2115,10.5436,7.99,137.867,-6.652,0.4453,0
2022-06-19,39.903404,116.285473,2022,0.0,0.0,0.2989,0.1624,61.0,2.842,10.9856,4.0,0.01,-10.0,0.1,0
2022-06-19,39.929543,116.248293,2022,0.0,0.0,0.2989,0.1624,67.0,3.044,10.2237,6.0,38.423,-17.839,0.4738,0
2022-06-19,40.026582,116.103672,2022,0.0,0.0,0.2989,0.1624,181.0,13.2788,9.8321,49.0,33.8111,-16.1908,0.4608,0
2022-06-19,39.923921,116.238857,2022,0.0,0.0,0.2989,0.1624,88.0,8.9136,10.0584,27.0,121.5719,-8.4323,0.4662,0
2022-06-19,40.001512,116.100856,2022,0.0,0.0,0.2989,0.1624,137.0,3.7224,10.022,7.0,36.477,-16.417,0.4673,0
2022-06-20,40.107676,116.562609,2022,0.0,0.0,0.2989,0.1624,35.0,4.1189,11.0191,0.0,82.8652,-15.6816,0.463,0
2022-06-20,40.406625,115.940856,2022,0.0,0.0,0.2989,0.1624,496.0,0.3809,12.7086,0.0,46.278,-20.601,0.4808,0
2022-06-21,39.898579,116.653324,2022,0.4638740384925406,0.0,0.2989,0.1624,27.0,1.6633,11.9274,2.0,125.312,-7.795,0.4646,0
2022-06-21,39.891351,116.678817,2022,0.4638740384925406,0.0,0.2989,0.1624,22.0,4.4043,10.2587,1.0,109.8204,-8.0396,0.4478,0
2022-06-22,40.108571,116.638516,2022,4.565174153511929,0.264,0.2989,0.1624,37.0,3.3084,11.2389,0.0,125.566,-7.837,0.4648,0
2022-06-23,39.682531,116.413385,2022,0.3314955956963391,0.0,0.2989,0.1624,32.0,2.7874,11.0051,0.0,68.8305,-14.639,0.4683,0
2022-06-24,39.818168,116.153772,2022,0.0,0.0,0.2989,0.1624,95.0,2.7289,10.3332,27.0,39.124,-18.4,0.4703,0
2022-06-25,39.90671,116.436755,2022,0.0,0.0,0.2989,0.1624,47.0,11.6665,9.2726,3.0,0.01,-10.0,0.1,0
2022-06-25,39.98824,116.49855,2022,0.0,0.0,0.2989,0.1624,35.0,1.6488,15.1813,0.0,118.012,-7.9198,0.4579,0
2022-06-25,39.94431,116.48999,2022,0.0,0.0,0.2989,0.1624,37.0,1.1062,11.6422,1.0,135.6412,-7.242,0.4574,0
2022-06-25,39.987914,116.442261,2022,0.0,0.0,0.2989,0.1624,40.0,2.5884,16.7688,0.0,30.2547,-22.5196,0.4619,0
2022-06-25,39.97912,116.478515,2022,0.0,0.0,0.2989,0.1624,40.0,3.3653,10.1232,1.0,123.5423,-7.8387,0.4647,0
2022-07-01,40.233214,116.358662,2022,14.70832944956659,9.347,0.2989,0.1624,69.0,0.7577,11.6152,15.0,37.0248,-18.9614,0.4679,0
2022-07-01,40.232568,116.228636,2022,16.419567544778392,12.73,0.2989,0.1624,90.0,6.6853,9.4334,16.0,22.833,-21.265,0.4503,0
2022-07-01,39.832871,116.288638,2022,34.11748655955117,29.127,0.3304,0.1293,54.0,3.9311,10.3728,6.0,33.573,-21.829,0.4597,1
2022-07-03,40.233214,116.358662,2022,29.28207940214588,22.51,0.2989,0.1624,69.0,0.7577,11.6152,15.0,37.0248,-18.9614,0.4679,0
2022-07-03,40.232568,116.228636,2022,24.978269718223345,21.289,0.2989,0.1624,90.0,6.6853,9.4334,16.0,22.833,-21.265,0.4503,0
2022-07-03,40.090761,116.660893,2022,51.154881131468784,5.068,0.2471,0.2177,38.0,4.4401,9.8451,2.0,125.566,-7.837,0.4648,1
2022-07-09,40.357085,116.821258,2022,0.0,0.0,0.2989,0.1624,63.0,0.6047,19.1073,0.0,27.511,-25.627,0.4773,0
2022-07-24,39.854141,116.261096,2022,0.0,0.0,0.2989,0.1624,56.0,1.1967,11.1581,4.0,29.945,-26.3163,0.468,0
2022-07-24,39.842625,116.257933,2022,0.0,0.0,0.2989,0.1624,51.0,3.159,10.592,0.0,31.3152,-24.5368,0.4647,0
2022-07-24,39.845321,116.257168,2022,0.0,0.0,0.2989,0.1624,53.0,3.3084,10.5457,2.0,30.0609,-26.0411,0.4674,0
2022-07-27,40.233214,116.358662,2022,41.77280214442632,35.001,0.2989,0.1624,69.0,0.7577,11.6152,15.0,37.0248,-18.9614,0.4679,0
2022-07-27,40.232568,116.228636,2022,27.480131064563967,23.79,0.2989,0.1624,90.0,6.6853,9.4334,16.0,22.833,-21.265,0.4503,0
2022-07-27,39.906121,116.618658,2022,75.15341776126122,30.152,0.3448,0.1198,26.0,1.9036,12.3031,0.0,125.312,-7.795,0.4646,1
2022-07-27,39.982802,116.522222,2022,141.70883461486284,115.562,0.3986,0.0489,35.0,1.4707,10.9519,4.0,109.54,-8.044,0.4475,1
2022-07-27,39.94431,116.48999,2022,137.26535763674335,91.207,0.3524,0.105,37.0,1.1062,11.6422,1.0,135.6412,-7.242,0.4574,1
2022-07-27,39.988653,116.509659,2022,141.70883461486284,115.562,0.4047,0.0428,34.0,1.2948,12.9511,0.0,109.54,-8.044,0.4475,1
2022-07-27,39.902297,116.515546,2022,141.70883461486284,115.09,0.363,0.1021,37.0,2.1054,10.5929,5.0,103.615,-11.1559,0.4651,1
2022-07-27,39.841887,116.478903,2022,92.83746437585494,46.353,0.3436,0.121,35.0,2.2156,11.9281,1.0,126.766,-7.856,0.4646,1
2022-07-27,39.863404,116.567311,2022,92.15266898632598,87.418,0.3575,0.1286,28.0,6.1805,9.5125,2.0,32.307,-20.326,0.4861,1
2022-07-27,39.823868,116.506227,2022,92.15266898632598,51.254,0.3582,0.1064,35.0,2.3148,10.4979,4.0,126.766,-7.856,0.4646,1
2022-07-27,39.814733,116.345035,2022,58.0839726254612,54.011,0.3499,0.1181,44.0,7.7233,10.6738,1.0,29.81,-26.342,0.468,1
2022-07-27,40.069132,116.384865,2022,65.12797293357659,59.477,0.3415,0.1288,37.0,2.284,18.9133,0.0,36.91,-20.643,0.4703,1
2022-07-27,39.902702,116.571962,2022,141.70883461486284,100.895,0.356,0.1086,30.0,0.7577,13.9178,2.0,125.312,-7.795,0.4646,1
2022-08-04,40.233214,116.358662,2022,12.7641276147359,7.917,0.2989,0.1624,69.0,0.7577,11.6152,15.0,37.0248,-18.9614,0.4679,0
2022-08-04,40.232568,116.228636,2022,15.227612777774208,11.538,0.2989,0.1624,90.0,6.6853,9.4334,16.0,22.833,-21.265,0.4503,0
2022-08-04,40.340813,116.750316,2022,32.98505249368043,12.323,0.2071,0.2527,54.0,1.5231,11.3223,2.0,84.3213,-13.6101,0.4598,1
2022-08-20,39.863404,116.567311,2022,0.0,0.0,0.2989,0.1624,28.0,6.1805,9.5125,2.0,32.307,-20.326,0.4861,0
2022-08-20,39.823868,116.506227,2022,0.0,0.0,0.2989,0.1624,35.0,2.3148,10.4979,4.0,126.766,-7.856,0.4646,0
2022-08-24,40.379651,115.881031,2022,0.0,0.0,0.2989,0.1624,504.0,2.611,10.3774,7.0,41.6159,-16.8446,0.4646,0
2022-08-27,40.340813,116.750316,2022,0.0,0.0,0.2989,0.1624,54.0,1.5231,11.3223,2.0,84.3213,-13.6101,0.4598,0
2022-08-30,39.906121,116.618658,2022,0.0,0.0,0.2989,0.1624,26.0,1.9036,12.3031,0.0,125.312,-7.795,0.4646,0
2022-08-31,40.090761,116.660893,2022,0.0,0.0,0.2989,0.1624,38.0,4.4401,9.8451,2.0,125.566,-7.837,0.4648,0
2022-08-31,40.033007,116.683391,2022,0.0,0.0,0.2989,0.1624,27.0,1.4707,10.9519,2.0,113.8136,-7.9888,0.4521,0
2022-09-01,40.094656,116.551254,2022,0.0,0.0,0.2989,0.1624,34.0,1.2948,15.8626,2.0,124.336,-7.837,0.4648,0
2022-09-02,40.028878,116.468059,2022,0.0,0.0,0.2989,0.1624,39.0,1.1062,12.7409,1.0,123.66,-7.837,0.4648,0
2022-09-03,39.954526,116.547189,2022,1.4002277684085984,0.0,0.2989,0.1624,31.0,2.6641,10.3572,2.0,125.312,-7.795,0.4646,0
2022-09-03,39.902702,116.571962,2022,1.4002277684085984,0.0,0.2989,0.1624,30.0,0.7577,13.9178,2.0,125.312,-7.795,0.4646,0
2022-09-03,39.799393,116.223216,2022,3.050535660884873,0.311,0.2989,0.1624,56.0,2.2264,10.5369,1.0,98.591,-9.106,0.4475,0
2022-09-03,39.705649,116.229085,2022,3.050535660884873,0.311,0.2989,0.1624,45.0,6.448,10.5684,2.0,98.591,-9.106,0.4475,0
2022-09-05,40.295281,116.664272,2022,0.0,0.0,0.2989,0.1624,38.0,0.9361,16.5828,0.0,108.009,-8.176,0.4475,0
2022-09-05,40.295281,116.648351,2022,0.0,0.0,0.2989,0.1624,43.0,0.9361,11.4038,3.0,108.009,-8.176,0.4475,0
2022-09-06,40.34096,116.57259,2022,0.0,0.0,0.2989,0.1624,78.0,4.805,10.1713,13.0,38.272,-18.663,0.4703,0
2022-09-07,40.344046,116.567934,2022,0.0,0.0,0.2989,0.1624,74.0,3.3936,11.031,6.0,38.272,-18.663,0.4703,0
2023-06-01,39.84432,116.24102,2023,0.0,0.0,0.2989,0.1624,58.0,0.3809,12.3031,3.0,30.4372,-25.5898,0.4666,0
2023-06-01,39.832871,116.288638,2023,0.0,0.0,0.2989,0.1624,54.0,3.9311,10.3728,6.0,33.573,-21.829,0.4597,0
2023-06-01,39.84392,116.25283,2023,0.0,0.0,0.2989,0.1624,56.0,1.1062,11.2368,3.0,30.688,-25.289,0.4661,0
2023-06-01,39.83803,116.25133,2023,0.0,0.0,0.2989,0.1624,55.0,1.6488,10.8375,5.0,33.3221,-22.1299,0.4603,0
2023-06-01,39.810888,116.204004,2023,0.0,0.0,0.2989,0.1624,51.0,1.4707,19.3487,0.0,108.5235,-8.1711,0.4475,0
2023-06-01,39.837833,116.21258,2023,0.0,0.0,0.2989,0.1624,56.0,3.6526,10.7342,1.0,98.8434,-9.0954,0.4476,0
2023-06-01,39.85523,116.220412,2023,0.0,0.0,0.2989,0.1624,57.0,0.3809,16.6206,0.0,46.7405,-22.8765,0.4665,0
2023-06-01,39.837833,116.216258,2023,0.0,0.0,0.2989,0.1624,54.0,0.3809,12.9963,0.0,98.591,-9.106,0.4475,0
2023-06-01,39.847767,116.216721,2023,0.0,0.0,0.2989,0.1624,63.0,2.611,10.3774,5.0,90.5666,-11.1169,0.4498,0
2023-06-01,39.833889,116.243523,2023,0.0,0.0,0.2989,0.1624,55.0,3.0558,11.6061,1.0,61.7475,-16.3157,0.4544,0
2023-06-01,39.823642,116.275576,2023,0.0,0.0,0.2989,0.1624,47.0,2.9547,11.5063,3.0,45.579,-15.556,0.472,0
2023-06-01,39.826845,116.206379,2023,0.0,0.0,0.2989,0.1624,61.0,3.3653,10.1232,6.0,108.4961,-8.1736,0.4475,0
2023-06-20,40.068865,116.330175,2023,0.0,0.0,0.2989,0.1624,46.0,3.3936,10.1148,1.0,60.9802,-17.4608,0.4665,0
2023-06-20,40.039705,116.358662,2023,0.0,0.0,0.2989,0.1624,38.0,2.0361,11.3195,0.0,36.91,-20.643,0.4703,0
2023-06-24,40.32732,116.63634,2023,0.0,0.0,0.2989,0.1624,47.0,0.3809,18.9852,0.0,52.3744,-16.5423,0.4656,0
2023-06-24,40.34671,116.64293,2023,0.0,0.0,0.2989,0.1624,53.0,2.0361,10.6264,6.0,38.272,-18.663,0.4703,0
2023-07-02,40.406625,115.940856,2023,0.0,0.0,0.2989,0.1624,496.0,0.3809,12.7086,0.0,46.278,-20.601,0.4808,0
2023-07-03,39.903404,116.285473,2023,0.0,0.0,0.2989,0.1624,61.0,2.842,10.9856,4.0,0.01,-10.0,0.1,0
2023-07-03,39.929543,116.248293,2023,0.0,0.0,0.2989,0.1624,67.0,3.044,10.2237,6.0,38.423,-17.839,0.4738,0
2023-07-03,39.923921,116.238857,2023,0.0,0.0,0.2989,0.1624,88.0,8.9136,10.0584,27.0,121.5719,-8.4323,0.4662,0
2023-07-05,40.107676,116.562609,2023,0.0,0.0,0.2989,0.1624,35.0,4.1189,11.0191,0.0,82.8652,-15.6816,0.463,0
2023-07-09,40.178113,116.423676,2023,0.0,0.0,0.2989,0.1624,33.0,0.7577,14.1001,1.0,33.595,-19.782,0.4615,0
2023-07-12,40.233214,116.358662,2023,47.35950714542503,40.588,0.2989,0.1624,69.0,0.7577,11.6152,15.0,37.0248,-18.9614,0.4679,0
2023-07-12,40.232568,116.228636,2023,52.56880855418592,48.879,0.2989,0.1624,90.0,6.6853,9.4334,16.0,22.833,-21.265,0.4503,0
2023-07-12,39.902702,116.571962,2023,30.6540750141768,3.006,0.4133,0.0513,30.0,0.7577,13.9178,2.0,125.312,-7.795,0.4646,1
2023-07-12,40.340813,116.750316,2023,42.52208171845994,16.116,0.1673,0.2925,54.0,1.5231,11.3223,2.0,84.3213,-13.6101,0.4598,1
2023-07-21,40.233214,116.358662,2023,60.94386388074821,54.172,0.2989,0.1624,69.0,0.7577,11.6152,15.0,37.0248,-18.9614,0.4679,0
2023-07-21,40.232568,116.228636,2023,94.91726374865878,91.228,0.2989,0.1624,90.0,6.6853,9.4334,16.0,22.833,-21.265,0.4503,0
2023-07-21,40.428162,115.973277,2023,56.13617126798535,37.065,0.2634,0.2182,500.0,2.611,10.3774,3.0,58.7146,-14.1579,0.4816,1
2023-07-21,40.379651,115.881031,2023,51.564870275475,40.222,0.2236,0.241,504.0,2.611,10.3774,7.0,41.6159,-16.8446,0.4646,1
2023-07-22,40.233214,116.358662,2023,28.428162966620626,21.657,0.2989,0.1624,69.0,0.7577,11.6152,15.0,37.0248,-18.9614,0.4679,0
2023-07-22,40.232568,116.228636,2023,34.308427383906974,30.619,0.2989,0.1624,90.0,6.6853,9.4334,16.0,22.833,-21.265,0.4503,0
2023-07-22,39.873535,116.46704,2023,47.02300224193639,43.246,0.3937,0.073,40.0,4.8713,10.1575,1.0,32.325,-22.199,0.4667,1
2023-07-23,39.909603,116.61486,2023,0.0,0.0,0.2989,0.1624,29.0,1.5152,10.9221,3.0,125.312,-7.795,0.4646,0
2023-08-01,40.233214,116.358662,2023,42.09391033973819,35.322,0.2989,0.1624,69.0,0.7577,11.6152,15.0,37.0248,-18.9614,0.4679,0
2023-08-01,40.232568,116.228636,2023,55.3063863181976,51.617,0.2989,0.1624,90.0,6.6853,9.4334,16.0,22.833,-21.265,0.4503,0
2023-08-01,39.809898,116.303086,2023,22.52063181795047,13.84,0.282,0.19,47.0,1.9036,11.61,1.0,45.579,-15.556,0.472,1
2023-08-01,40.468379,115.962826,2023,60.212195521243714,47.952,0.2484,0.2251,486.0,1.4707,14.7696,2.0,45.1076,-20.1434,0.4735,1
2023-08-02,39.84432,116.24102,2023,0.118935250830434,0.0,0.2989,0.1624,58.0,0.3809,12.3031,3.0,30.4372,-25.5898,0.4666,0
2023-08-02,39.832871,116.288638,2023,0.118935250830434,0.0,0.2989,0.1624,54.0,3.9311,10.3728,6.0,33.573,-21.829,0.4597,0
2023-08-02,39.84392,116.25283,2023,0.118935250830434,0.0,0.2989,0.1624,56.0,1.1062,11.2368,3.0,30.688,-25.289,0.4661,0
2023-08-02,39.83803,116.25133,2023,0.118935250830434,0.0,0.2989,0.1624,55.0,1.6488,10.8375,5.0,33.3221,-22.1299,0.4603,0
2023-08-02,39.810888,116.204004,2023,0.118935250830434,0.0,0.2989,0.1624,51.0,1.4707,19.3487,0.0,108.5235,-8.1711,0.4475,0
2023-08-02,39.837833,116.21258,2023,0.118935250830434,0.0,0.2989,0.1624,56.0,3.6526,10.7342,1.0,98.8434,-9.0954,0.4476,0
2023-08-02,39.85523,116.220412,2023,0.118935250830434,0.0,0.2989,0.1624,57.0,0.3809,16.6206,0.0,46.7405,-22.8765,0.4665,0
2023-08-02,39.837833,116.216258,2023,0.118935250830434,0.0,0.2989,0.1624,54.0,0.3809,12.9963,0.0,98.591,-9.106,0.4475,0
2023-08-02,39.847767,116.216721,2023,0.118935250830434,0.0,0.2989,0.1624,63.0,2.611,10.3774,5.0,90.5666,-11.1169,0.4498,0
2023-08-02,39.833889,116.243523,2023,0.118935250830434,0.0,0.2989,0.1624,55.0,3.0558,11.6061,1.0,61.7475,-16.3157,0.4544,0
2023-08-02,39.823642,116.275576,2023,0.118935250830434,0.0,0.2989,0.1624,47.0,2.9547,11.5063,3.0,45.579,-15.556,0.472,0
2023-08-02,39.826845,116.206379,2023,0.118935250830434,0.0,0.2989,0.1624,61.0,3.3653,10.1232,6.0,108.4961,-8.1736,0.4475,0
2023-08-20,40.233214,116.358662,2023,7.732075140950111,4.216,0.2989,0.1624,69.0,0.7577,11.6152,15.0,37.0248,-18.9614,0.4679,0
2023-08-20,40.232568,116.228636,2023,8.162330269735161,5.157,0.2989,0.1624,90.0,6.6853,9.4334,16.0,22.833,-21.265,0.4503,0
2023-08-20,39.847767,116.216721,2023,19.128245771741938,6.048,0.3982,0.0516,63.0,2.611,10.3774,5.0,90.5666,-11.1169,0.4498,1
2023-08-20,39.80316,116.474347,2023,13.24106116362524,1.995,0.3826,0.0823,34.0,2.9547,10.659,0.0,115.15,-9.7312,0.4649,1
2023-08-21,40.233214,116.358662,2023,24.670668882466952,17.899,0.2989,0.1624,69.0,0.7577,11.6152,15.0,37.0248,-18.9614,0.4679,0
2023-08-21,40.232568,116.228636,2023,21.98503040562496,18.295,0.2989,0.1624,90.0,6.6853,9.4334,16.0,22.833,-21.265,0.4503,0
2023-08-21,39.833889,116.243523,2023,29.916469836640243,16.371,0.3175,0.1369,55.0,3.0558,11.6061,1.0,61.7475,-16.3157,0.4544,1
2023-08-21,39.847767,116.216721,2023,29.916469836640243,11.634,0.3766,0.0732,63.0,2.611,10.3774,5.0,90.5666,-11.1169,0.4498,1
2023-08-21,40.340813,116.750316,2023,43.20688802106255,16.388,0.1713,0.2885,54.0,1.5231,11.3223,2.0,84.3213,-13.6101,0.4598,1
2023-09-02,40.233214,116.358662,2023,4.742339657792589,2.017,0.2989,0.1624,69.0,0.7577,11.6152,15.0,37.0248,-18.9614,0.4679,0
2023-09-02,40.232568,116.228636,2023,1.040605623371562,0.0,0.2989,0.1624,90.0,6.6853,9.4334,16.0,22.833,-21.265,0.4503,0
2023-09-02,39.830104,116.467673,2023,25.84774177930556,2.254,0.2825,0.1821,36.0,0.9361,12.5024,1.0,126.766,-7.856,0.4646,1
2023-09-02,39.846761,116.486295,2023,25.84774177930556,3.863,0.2676,0.1972,37.0,4.4401,9.8451,4.0,117.3219,-9.2903,0.4648,1
2023-09-08,40.233214,116.358662,2023,11.039547939054858,6.649,0.2989,0.1624,69.0,0.7577,11.6152,15.0,37.0248,-18.9614,0.4679,0
2023-09-08,40.232568,116.228636,2023,17.496511100962675,13.807,0.2989,0.1624,90.0,6.6853,9.4334,16.0,22.833,-21.265,0.4503,0
2023-09-08,39.833889,116.243523,2023,15.363601765044978,7.47,0.3093,0.1451,55.0,3.0558,11.6061,1.0,61.7475,-16.3157,0.4544,1
2023-09-09,40.233214,116.358662,2023,43.99614589259165,37.225,0.2989,0.1624,69.0,0.7577,11.6152,15.0,37.0248,-18.9614,0.4679,0
2023-09-09,40.232568,116.228636,2023,34.474978957616216,30.785,0.2989,0.1624,90.0,6.6853,9.4334,16.0,22.833,-21.265,0.4503,0
2023-09-09,39.833889,116.243523,2023,116.49443158447524,102.204,0.3093,0.1451,55.0,3.0558,11.6061,1.0,61.7475,-16.3157,0.4544,1
2023-09-09,39.823642,116.275576,2023,116.49443158447524,108.874,0.3452,0.1268,47.0,2.9547,11.5063,3.0,45.579,-15.556,0.472,1
2024-06-10,40.069132,116.384865,2024,0.8751007304994599,0.0,0.2989,0.1624,37.0,2.284,18.9133,0.0,36.91,-20.643,0.4703,0
2024-06-10,40.079204,116.333495,2024,0.8751007304994599,0.0,0.2989,0.1624,43.0,1.5231,12.9317,0.0,85.1077,-14.271,0.4628,0
2024-06-10,40.044782,116.309719,2024,0.8751007304994599,0.0,0.2989,0.1624,47.0,1.1424,17.998,0.0,50.6644,-18.8246,0.4681,0
2024-06-30,39.867612,116.271426,2024,1.4910170148185091,0.0,0.2989,0.1624,51.0,1.2948,13.0252,0.0,88.1144,-15.2288,0.4666,0
2024-06-30,39.89635,116.29049,2024,1.4910170148185091,0.0,0.2989,0.1624,56.0,2.4612,10.4366,1.0,126.984,-7.82,0.4657,0
2024-06-30,39.861699,116.271426,2024,1.4910170148185091,0.0,0.2989,0.1624,54.0,3.483,10.0887,2.0,29.81,-26.342,0.468,0
2024-06-30,39.873181,116.289278,2024,1.4910170148185091,0.0,0.2989,0.1624,48.0,1.1967,11.5636,0.0,126.984,-7.82,0.4657,0
2024-07-12,40.233214,116.358662,2024,28.139323655516428,21.368,0.2989,0.1624,69.0,0.7577,11.6152,15.0,37.0248,-18.9614,0.4679,0
2024-07-12,40.232568,116.228636,2024,38.544130397175095,35.172,0.3135,0.1368,90.0,6.6853,9.4334,16.0,22.833,-21.265,0.4503,1
2024-07-13,40.233214,116.358662,2024,6.365182485205721,3.211,0.2989,0.1624,69.0,0.7577,11.6152,15.0,37.0248,-18.9614,0.4679,0
2024-07-13,40.232568,116.228636,2024,10.731847169912692,7.308,0.2989,0.1624,90.0,6.6853,9.4334,16.0,22.833,-21.265,0.4503,0
2024-07-13,39.902702,116.571962,2024,12.617961128150796,1.114,0.3099,0.1547,30.0,0.7577,13.9178,2.0,125.312,-7.795,0.4646,1
2024-07-14,40.233214,116.358662,2024,0.2634805667830779,0.0,0.2989,0.1624,69.0,0.7577,11.6152,15.0,37.0248,-18.9614,0.4679,0
2024-07-14,40.232568,116.228636,2024,0.4726888078115194,0.0,0.2989,0.1624,90.0,6.6853,9.4334,16.0,22.833,-21.265,0.4503,0
2024-07-14,39.909603,116.61486,2024,0.0,0.0,0.345,0.1196,29.0,1.5152,10.9221,3.0,125.312,-7.795,0.4646,1
2024-07-17,40.400093,116.877933,2024,0.0,0.0,0.2989,0.1624,97.0,1.5152,10.9221,7.0,35.74,-18.023,0.4825,0
2024-07-17,39.903502,116.317032,2024,0.0,0.0,0.2989,0.1624,53.0,0.9264,11.4142,4.0,0.01,-10.0,0.1,0
2024-07-17,40.410503,116.839521,2024,0.0,0.0,0.2989,0.1624,76.0,0.0,14.5567,2.0,87.247,-12.2809,0.4654,0
2024-07-18,39.863815,116.452871,2024,0.0,0.0,0.2989,0.1624,40.0,2.842,10.2925,4.0,111.0258,-10.2465,0.465,0
2024-07-18,40.033469,116.231435,2024,0.0,0.0,0.2989,0.1624,95.0,13.159,8.7429,37.0,37.8012,-17.5136,0.4748,0
2024-07-24,40.233214,116.358662,2024,43.075541605557135,36.304,0.2989,0.1624,69.0,0.7577,11.6152,15.0,37.0248,-18.9614,0.4679,0
2024-07-24,39.818168,116.153772,2024,8.378716074644862,4.596,0.2823,0.188,95.0,2.7289,10.3332,27.0,39.124,-18.4,0.4703,1
2024-07-24,40.237712,116.214265,2024,60.54511535955752,20.789,0.3105,0.1515,89.0,3.3653,11.5095,3.0,104.3079,-10.4178,0.462,1
2024-07-24,40.232568,116.228636,2024,60.54511535955752,56.672,0.2731,0.1772,90.0,6.6853,9.4334,16.0,22.833,-21.265,0.4503,1
2024-07-24,40.344046,116.567934,2024,56.04289588069654,49.658,0.3289,0.1414,74.0,3.3936,11.031,6.0,38.272,-18.663,0.4703,1
2024-07-24,40.340813,116.750316,2024,29.56620834325815,10.963,0.219,0.2408,54.0,1.5231,11.3223,2.0,84.3213,-13.6101,0.4598,1
2024-07-25,40.233214,116.358662,2024,24.93374203881465,18.162,0.2989,0.1624,69.0,0.7577,11.6152,15.0,37.0248,-18.9614,0.4679,0
2024-07-25,40.232568,116.228636,2024,27.32701498887365,23.637,0.2989,0.1624,90.0,6.6853,9.4334,16.0,22.833,-21.265,0.4503,0
2024-07-25,39.863815,116.452871,2024,32.777131202520444,6.37,0.3175,0.1475,40.0,2.842,10.2925,4.0,111.0258,-10.2465,0.465,1
2024-07-29,40.090761,116.660893,2024,0.0,0.0,0.2989,0.1624,38.0,4.4401,9.8451,2.0,125.566,-7.837,0.4648,0
2024-07-29,40.069132,116.384865,2024,0.1403035123519186,0.0,0.2989,0.1624,37.0,2.284,18.9133,0.0,36.91,-20.643,0.4703,0
2024-07-29,40.32732,116.63634,2024,0.0,0.0,0.2989,0.1624,47.0,0.3809,18.9852,0.0,52.3744,-16.5423,0.4656,0
2024-07-29,40.34671,116.64293,2024,0.0,0.0,0.2989,0.1624,53.0,2.0361,10.6264,6.0,38.272,-18.663,0.4703,0
2024-07-29,40.295281,116.664272,2024,0.0,0.0,0.2989,0.1624,38.0,0.9361,16.5828,0.0,108.009,-8.176,0.4475,0
2024-07-29,40.295281,116.648351,2024,0.0,0.0,0.2989,0.1624,43.0,0.9361,11.4038,3.0,108.009,-8.176,0.4475,0
2024-07-29,40.079204,116.333495,2024,0.1403035123519186,0.0,0.2989,0.1624,43.0,1.5231,12.9317,0.0,85.1077,-14.271,0.4628,0
2024-07-29,40.068865,116.330175,2024,0.1403035123519186,0.0,0.2989,0.1624,46.0,3.3936,10.1148,1.0,60.9802,-17.4608,0.4665,0
2024-07-29,40.044782,116.309719,2024,0.1403035123519186,0.0,0.2989,0.1624,47.0,1.1424,17.998,0.0,50.6644,-18.8246,0.4681,0
2024-07-29,39.982802,116.522222,2024,0.0,0.0,0.2989,0.1624,35.0,1.4707,10.9519,4.0,109.54,-8.044,0.4475,0
2024-07-29,39.988653,116.509659,2024,0.0,0.0,0.2989,0.1624,34.0,1.2948,12.9511,0.0,109.54,-8.044,0.4475,0
2024-07-29,39.902297,116.515546,2024,0.0,0.0,0.2989,0.1624,37.0,2.1054,10.5929,5.0,103.615,-11.1559,0.4651,0
2024-07-29,39.937133,116.530692,2024,0.0,0.0,0.2989,0.1624,34.0,1.1967,11.1581,2.0,125.312,-7.795,0.4646,0
2024-07-29,40.039705,116.358662,2024,0.1403035123519186,0.0,0.2989,0.1624,38.0,2.0361,11.3195,0.0,36.91,-20.643,0.4703,0
2024-07-30,40.233214,116.358662,2024,96.965925553281,90.194,0.2989,0.1624,69.0,0.7577,11.6152,15.0,37.0248,-18.9614,0.4679,0
2024-07-30,39.863815,116.452871,2024,127.83165964037453,84.127,0.3175,0.1475,40.0,2.842,10.2925,4.0,111.0258,-10.2465,0.465,1
2024-07-30,39.909603,116.61486,2024,94.39365159463584,46.439,0.3369,0.1277,29.0,1.5152,10.9221,3.0,125.312,-7.795,0.4646,1
2024-07-30,39.937133,116.530692,2024,126.92888694151944,63.57,0.2957,0.1689,34.0,1.1967,11.1581,2.0,125.312,-7.795,0.4646,1
2024-07-30,39.902297,116.515546,2024,126.92888694151944,79.043,0.2798,0.1853,37.0,2.1054,10.5929,5.0,103.615,-11.1559,0.4651,1
2024-07-30,40.033469,116.231435,2024,98.94864887952043,91.429,0.2967,0.1781,95.0,13.159,8.7429,37.0,37.8012,-17.5136,0.4748,1
2024-07-30,39.808469,116.301864,2024,92.96034970097703,87.16,0.4153,0.0567,48.0,1.1967,11.5636,3.0,45.579,-15.556,0.472,1
2024-07-30,39.814733,116.345035,2024,92.96034970097703,88.151,0.3151,0.1529,44.0,7.7233,10.6738,1.0,29.81,-26.342,0.468,1
2024-07-30,39.854141,116.261096,2024,81.24465054014145,76.498,0.3193,0.1487,56.0,1.1967,11.1581,4.0,29.945,-26.3163,0.468,1
2024-07-30,40.001512,116.100856,2024,96.81148608982151,88.224,0.2429,0.2244,137.0,3.7224,10.022,7.0,36.477,-16.417,0.4673,1
2024-07-30,40.090761,116.660893,2024,79.90470717289692,8.032,0.2628,0.202,38.0,4.4401,9.8451,2.0,125.566,-7.837,0.4648,1
2024-07-30,40.232568,116.228636,2024,97.88296284412758,94.01,0.2731,0.1772,90.0,6.6853,9.4334,16.0,22.833,-21.265,0.4503,1
2024-07-30,40.079204,116.333495,2024,98.50134640380892,75.228,0.3324,0.1304,43.0,1.5231,12.9317,0.0,85.1077,-14.271,0.4628,1
2024-07-30,40.344046,116.567934,2024,146.57277623197578,140.188,0.3289,0.1414,74.0,3.3936,11.031,6.0,38.272,-18.663,0.4703,1
2024-07-30,40.295281,116.664272,2024,139.61645108271375,108.467,0.337,0.1105,38.0,0.9361,16.5828,0.0,108.009,-8.176,0.4475,1
2024-07-30,40.295281,116.648351,2024,139.61645108271375,114.161,0.3578,0.0897,43.0,0.9361,11.4038,3.0,108.009,-8.176,0.4475,1
2024-07-30,40.410503,116.839521,2024,143.56942798551626,113.673,0.3046,0.1608,76.0,0.0,14.5567,2.0,87.247,-12.2809,0.4654,1
2024-07-30,40.357085,116.821258,2024,140.42558752670178,135.247,0.2791,0.1982,63.0,0.6047,19.1073,0.0,27.511,-25.627,0.4773,1
2024-07-30,40.340813,116.750316,2024,139.4247954604881,97.865,0.219,0.2408,54.0,1.5231,11.3223,2.0,84.3213,-13.6101,0.4598,1
2024-08-01,39.906121,116.618658,2024,0.9295819488609176,0.0,0.2989,0.1624,26.0,1.9036,12.3031,0.0,125.312,-7.795,0.4646,0
2024-08-01,40.344046,116.567934,2024,0.0,0.0,0.2989,0.1624,74.0,3.3936,11.031,6.0,38.272,-18.663,0.4703,0
2024-08-01,40.033007,116.683391,2024,0.1272329886456708,0.0,0.2989,0.1624,27.0,1.4707,10.9519,2.0,113.8136,-7.9888,0.4521,0
2024-08-01,40.254534,116.53804,2024,0.0,0.0,0.2989,0.1624,55.0,1.4707,12.2047,0.0,125.294,-7.837,0.4648,0
2024-08-02,40.34096,116.57259,2024,0.660826075492121,0.0,0.2989,0.1624,78.0,4.805,10.1713,13.0,38.272,-18.663,0.4703,0
2024-08-02,40.028878,116.468059,2024,3.081597593350144,0.126,0.2989,0.1624,39.0,1.1062,12.7409,1.0,123.66,-7.837,0.4648,0
2024-08-03,39.774398,116.166069,2024,1.2167157160593431,0.0,0.2989,0.1624,44.0,3.0558,12.7047,0.0,128.874,-7.837,0.4648,0
2024-08-03,39.832381,116.41188,2024,0.4571873926353846,0.0,0.2989,0.1624,36.0,2.5732,19.459,0.0,84.1054,-15.9898,0.4661,0
2024-08-03,40.094656,116.551254,2024,1.1244018123570003,0.0,0.2989,0.1624,34.0,1.2948,15.8626,2.0,124.336,-7.837,0.4648,0
2024-08-03,39.704511,116.129163,2024,1.2167157160593431,0.0,0.2989,0.1624,42.0,2.1281,10.5821,1.0,34.017,-16.4538,0.4594,0
2024-08-03,39.841887,116.478903,2024,0.4571873926353846,0.0,0.2989,0.1624,35.0,2.2156,11.9281,1.0,126.766,-7.856,0.4646,0
2024-08-03,39.873535,116.46704,2024,0.4571873926353846,0.0,0.2989,0.1624,40.0,4.8713,10.1575,1.0,32.325,-22.199,0.4667,0
2024-08-03,39.80316,116.474347,2024,0.4571873926353846,0.0,0.2989,0.1624,34.0,2.9547,10.659,0.0,115.15,-9.7312,0.4649,0
2024-08-03,39.830104,116.467673,2024,0.4571873926353846,0.0,0.2989,0.1624,36.0,0.9361,12.5024,1.0,126.766,-7.856,0.4646,0
2024-08-03,39.846761,116.486295,2024,0.4571873926353846,0.0,0.2989,0.1624,37.0,4.4401,9.8451,4.0,117.3219,-9.2903,0.4648,0
2024-08-04,40.233214,116.358662,2024,2.3843037116831685,0.283,0.2989,0.1624,69.0,0.7577,11.6152,15.0,37.0248,-18.9614,0.4679,0
2024-08-09,40.233214,116.358662,2024,85.67532290056695,78.904,0.2989,0.1624,69.0,0.7577,11.6152,15.0,37.0248,-18.9614,0.4679,0
2024-08-09,39.909603,116.61486,2024,56.67259759265144,5.736,0.325,0.1396,29.0,1.5152,10.9221,3.0,125.312,-7.795,0.4646,1
2024-08-09,40.039705,116.358662,2024,97.14150193131348,91.264,0.3345,0.1358,38.0,2.0361,11.3195,0.0,36.91,-20.643,0.4703,1
2024-08-09,40.033469,116.231435,2024,98.49243344093654,90.772,0.2908,0.184,95.0,13.159,8.7429,37.0,37.8012,-17.5136,0.4748,1
2024-08-09,39.903404,116.285473,2024,142.13817966733882,140.138,0.3881,0.0,61.0,2.842,10.9856,4.0,0.01,-10.0,0.1,1
2024-08-09,40.121235,116.262307,2024,83.71200431219464,28.572,0.3362,0.1181,41.0,2.7772,11.0088,2.0,140.068,-7.005,0.4543,1
2024-08-09,39.808469,116.301864,2024,95.3492376706611,89.549,0.421,0.051,48.0,1.1967,11.5636,3.0,45.579,-15.556,0.472,1
2024-08-09,39.873181,116.289278,2024,102.00693246163928,67.268,0.4361,0.0296,48.0,1.1967,11.5636,0.0,126.984,-7.82,0.4657,1
2024-08-09,39.842625,116.257933,2024,102.00693246163928,97.475,0.3371,0.1276,51.0,3.159,10.592,0.0,31.3152,-24.5368,0.4647,1
2024-08-09,39.854141,116.261096,2024,102.00693246163928,98.513,0.3827,0.0853,56.0,1.1967,11.1581,4.0,29.945,-26.3163,0.468,1
2024-08-09,39.826845,116.206379,2024,102.00693246163928,76.332,0.3644,0.0831,61.0,3.3653,10.1232,6.0,108.4961,-8.1736,0.4475,1
2024-08-09,39.818168,116.153772,2024,149.75708858133336,141.49,0.283,0.1873,95.0,2.7289,10.3332,27.0,39.124,-18.4,0.4703,1
2024-08-09,39.833889,116.243523,2024,102.00693246163928,89.469,0.3286,0.1258,55.0,3.0558,11.6061,1.0,61.7475,-16.3157,0.4544,1
2024-08-09,40.001512,116.100856,2024,97.09508460743454,90.101,0.2932,0.1741,137.0,3.7224,10.022,7.0,36.477,-16.417,0.4673,1
2024-08-09,39.774398,116.166069,2024,98.17534852252804,37.554,0.3119,0.1529,44.0,3.0558,12.7047,0.0,128.874,-7.837,0.4648,1
2024-08-09,40.090761,116.660893,2024,63.53988151327023,6.345,0.2123,0.2525,38.0,4.4401,9.8451,2.0,125.566,-7.837,0.4648,1
2024-08-09,39.891351,116.678817,2024,62.66833815051644,19.48,0.2989,0.1489,22.0,4.4043,10.2587,1.0,109.8204,-8.0396,0.4478,1
2024-08-09,39.979006,116.755724,2024,58.600985929137344,0.862,0.3119,0.1334,25.0,3.9311,9.9673,3.0,137.867,-6.652,0.4453,1
2024-08-09,39.916119,116.724731,2024,58.600985929137344,0.862,0.29,0.1553,28.0,2.2115,10.5436,7.99,137.867,-6.652,0.4453,1
2024-08-09,40.232568,116.228636,2024,72.08667426659086,67.63,0.2261,0.2242,90.0,6.6853,9.4334,16.0,22.833,-21.265,0.4503,1
2024-08-09,40.069132,116.384865,2024,97.14150193131348,90.382,0.3073,0.163,37.0,2.284,18.9133,0.0,36.91,-20.643,0.4703,1
2024-08-09,40.079204,116.333495,2024,97.14150193131348,78.18,0.3574,0.1054,43.0,1.5231,12.9317,0.0,85.1077,-14.271,0.4628,1
2024-08-09,40.344046,116.567934,2024,102.99144979636444,93.649,0.2441,0.2262,74.0,3.3936,11.031,6.0,38.272,-18.663,0.4703,1
2024-08-09,40.357085,116.821258,2024,74.1720419522118,68.669,0.2611,0.2162,63.0,0.6047,19.1073,0.0,27.511,-25.627,0.4773,1
2024-08-09,40.340813,116.750316,2024,85.9134914768756,44.828,0.2218,0.238,54.0,1.5231,11.3223,2.0,84.3213,-13.6101,0.4598,1
2024-08-15,40.233214,116.358662,2024,1.798790863793828,0.0,0.2989,0.1624,69.0,0.7577,11.6152,15.0,37.0248,-18.9614,0.4679,0
2024-08-15,40.232568,116.228636,2024,0.0,0.0,0.2989,0.1624,90.0,6.6853,9.4334,16.0,22.833,-21.265,0.4503,0
2024-08-15,39.863815,116.452871,2024,1.309983191778917,0.0,0.3837,0.0813,40.0,2.842,10.2925,4.0,111.0258,-10.2465,0.465,1
2024-08-15,40.340813,116.750316,2024,5.869980129611144,1.539,0.2674,0.1924,54.0,1.5231,11.3223,2.0,84.3213,-13.6101,0.4598,1
2024-08-16,40.233214,116.358662,2024,19.121051569034623,12.593,0.2989,0.1624,69.0,0.7577,11.6152,15.0,37.0248,-18.9614,0.4679,0
2024-08-16,40.232568,116.228636,2024,16.098176549492244,12.408,0.2989,0.1624,90.0,6.6853,9.4334,16.0,22.833,-21.265,0.4503,0
2024-08-16,40.090761,116.660893,2024,22.931351832038416,2.158,0.2132,0.2516,38.0,4.4401,9.8451,2.0,125.566,-7.837,0.4648,1
2024-08-17,40.233214,116.358662,2024,0.1481594049907361,0.0,0.2989,0.1624,69.0,0.7577,11.6152,15.0,37.0248,-18.9614,0.4679,0
2024-08-17,40.232568,116.228636,2024,0.0,0.0,0.2989,0.1624,90.0,6.6853,9.4334,16.0,22.833,-21.265,0.4503,0
2024-08-17,40.090761,116.660893,2024,1.8708303437271288,0.0,0.2132,0.2516,38.0,4.4401,9.8451,2.0,125.566,-7.837,0.4648,1
2024-08-18,40.233214,116.358662,2024,23.370079732646005,16.598,0.2989,0.1624,69.0,0.7577,11.6152,15.0,37.0248,-18.9614,0.4679,0
2024-08-18,40.232568,116.228636,2024,11.37555295747655,7.846,0.2989,0.1624,90.0,6.6853,9.4334,16.0,22.833,-21.265,0.4503,0
2024-08-18,40.340813,116.750316,2024,25.48126997678424,9.339,0.2674,0.1924,54.0,1.5231,11.3223,2.0,84.3213,-13.6101,0.4598,1
2024-08-25,40.233214,116.358662,2024,0.5876738355920919,0.0,0.2989,0.1624,69.0,0.7577,11.6152,15.0,37.0248,-18.9614,0.4679,0
2024-08-25,40.232568,116.228636,2024,0.1977137388250306,0.0,0.2989,0.1624,90.0,6.6853,9.4334,16.0,22.833,-21.265,0.4503,0
2024-08-25,39.909603,116.61486,2024,0.0,0.0,0.2792,0.1854,29.0,1.5152,10.9221,3.0,125.312,-7.795,0.4646,1
2024-08-25,40.254534,116.53804,2024,1.6655666244281022,0.0,0.231,0.2338,55.0,1.4707,12.2047,0.0,125.294,-7.837,0.4648,1
2024-08-26,40.233214,116.358662,2024,73.56761905369322,66.796,0.2989,0.1624,69.0,0.7577,11.6152,15.0,37.0248,-18.9614,0.4679,0
2024-08-26,40.232568,116.228636,2024,64.89441239553894,61.205,0.2989,0.1624,90.0,6.6853,9.4334,16.0,22.833,-21.265,0.4503,0
2024-08-26,39.808469,116.301864,2024,98.23949646315702,89.303,0.3186,0.1534,48.0,1.1967,11.5636,3.0,45.579,-15.556,0.472,1
